cib_id,company_name,hq_country_id,operation,operation_date,sector_id,sector_name,sector_radius_km,parent_sector_id
a-reinhard.ch,Arvag,CH,NEW_BATCH_JENKINS,2025-11-27,[167],['Companies from Jenkins'],[25],[0.0]
aap-joints.com,aap Joints,DE,NEW_BATCH_MANUAL,2025-12-04,[25],['Medical Equipment and Supplies'],[25],[0.0]
abacoadjusters.com,Abaco International Loss Adjusters,ES,NEW_BATCH,2024-12-15,[22],['Insurance Brokers'],[25],[0.0]
abgagservices.com,ABG AG,US,NEW_BATCH_MANUAL,2025-12-04,[214],['Medtech Services 3'],[25],[0.0]
abu-gmbh.ch,ABUplus,CH,NEW_BATCH_JENKINS,2025-11-27,[167],['Companies from Jenkins'],[25],[0.0]
abundantlivinginsurance.com,Abundant Living,US,NEW_BATCH,2024-12-22,[22],['Insurance Brokers'],[25],[0.0]
abundantprotectionsolutions.com,Abundant Protection,US,NEW_BATCH,2024-12-22,[22],['Insurance Brokers'],[25],[0.0]
accorda.ch,accorda Musikverlag - Edition Thöni Inhaber Steiner-Zeller,CH,NEW_BATCH_JENKINS,2025-11-27,[167],['Companies from Jenkins'],[25],[0.0]
accuvest.com,Accuvest Global Advisors,US,NEW_BATCH,2025-07-31,[41],['Wealth Management / Brokerage'],[10],[0.0]
achermann.net,Achermann Living,CH,NEW_BATCH_JENKINS,2025-11-27,[167],['Companies from Jenkins'],[25],[0.0]
achievebio.com,AchieveBio,US,NEW_BATCH_MANUAL,2025-10-10,[167],['Companies from Jenkins'],[25],[0.0]
acuity.co,Acuity Accounting,US,NEW_BATCH,2024-12-17,[32],['Professional Services'],[25],[0.0]
aegiswealth.com,Aegis Wealth,US,NEW_BATCH,2025-08-01,[41],['Wealth Management / Brokerage'],[10],[0.0]
afbs.ch,Verband der Auslandsbanken in der Schweiz,CH,NEW_BATCH_JENKINS,2025-11-27,[167],['Companies from Jenkins'],[25],[0.0]
afsplanning.com,Advanced Financial Strategies,US,NEW_BATCH,2024-10-01,[41],['Wealth Management / Brokerage'],[10],[0.0]
agrodeal.ch,agrodeal,CH,NEW_BATCH_JENKINS,2025-11-27,[167],['Companies from Jenkins'],[25],[0.0]
aimamba.com,Hubei Imamba Biotechnology,CN,NEW_BATCH_MANUAL,2025-10-10,[167],['Companies from Jenkins'],[25],[0.0]
aircraftinsurance.net,Packer & Assoc,US,NEW_BATCH,2025-01-13,[22],['Insurance Brokers'],[25],[0.0]
alarm-tec.de,ALARM-TEC Gesellschaft für Sicherheitstechnik,DE,NEW_BATCH_MANUAL,2026-01-09,"[32, 218]","['Professional Services', 'Access Systems, Security Electronics and Fencing Solutions']","[25, 25]","[0.0, 32.0]"
alatiyahinv.com,Alatiyah Investment,SA,NEW_BATCH,2024-11-25,"[97, 154]","['Alternative Asset Management', 'Alternative Asset Management - Other']","[25, 25]","[0.0, 97.0]"
albisrestaurant.ch,Marc Spiess Restaurant Albis,CH,NEW_BATCH_JENKINS,2025-11-27,[167],['Companies from Jenkins'],[25],[0.0]
albrn.webnode.page,Albrn Care,IN,NEW_BATCH_MANUAL,2025-10-10,[167],['Companies from Jenkins'],[25],[0.0]
algieba-treuhand.ch,Algieba Treuhand,CH,NEW_BATCH_JENKINS,2025-11-27,[167],['Companies from Jenkins'],[25],[0.0]
alieschconsulting.ch,Kirchesch Consulting,CH,NEW_BATCH_JENKINS,2025-11-27,[167],['Companies from Jenkins'],[25],[0.0]
alioth.group,Alioth,PL,NEW_BATCH,2024-11-25,"[97, 108]","['Alternative Asset Management', 'Infrastructure']","[25, 25]","[0.0, 97.0]"
aljenam.com,Aljen Asset Management,US,NEW_BATCH,2025-08-01,[41],['Wealth Management / Brokerage'],[10],[0.0]
allositetx.com,Allosite Therapeutics,US,NEW_BATCH_MANUAL,2025-10-10,[167],['Companies from Jenkins'],[25],[0.0]
almon.in,Almon Healthcare,IN,NEW_BATCH_MANUAL,2025-10-10,[167],['Companies from Jenkins'],[25],[0.0]
alogra.ch,Alogra Software & Informatik,CH,NEW_BATCH_JENKINS,2025-11-27,[167],['Companies from Jenkins'],[25],[0.0]
altiushospital.com,Altius Hopsital,IN,NEW_BATCH_MANUAL,2025-10-10,[167],['Companies from Jenkins'],[25],[0.0]
amando-sozialmanagement.de,Amando Sozialmanagement,DE,NEW_BATCH_MANUAL,2025-12-10,"[18, 179]","['Healthcare Providers', 'Child and Youth Welfare']","[3, 3]","[0.0, 18.0]"
ambienteverde.ch,ambienteverde,CH,NEW_BATCH_JENKINS,2025-11-27,[167],['Companies from Jenkins'],[25],[0.0]
amcovet-maroc.com,Amcovet Egypt,MA,NEW_BATCH_MANUAL,2025-10-10,[167],['Companies from Jenkins'],[25],[0.0]
americansleepdentistry.com,AMERICAN SLEEP DENTISTRY,US,NEW_BATCH_MANUAL,2025-12-04,[214],['Medtech Services 3'],[25],[0.0]
amerisourcebergen.com,Medasource,US,NEW_BATCH_MANUAL,2025-12-04,[25],['Medical Equipment and Supplies'],[25],[0.0]
amgroupnepal.com,AM GROUP,NP,NEW_BATCH_MANUAL,2025-10-10,[167],['Companies from Jenkins'],[25],[0.0]
ammann-luperdi.de,Ammann-Luperdi,DE,NEW_BATCH_MANUAL,2025-12-04,"[25, 180]","['Medical Equipment and Supplies', 'Medtech Services']","[25, 25]","[0.0, 0.0]"
amrein-ag.ch,Amrein,CH,NEW_BATCH_JENKINS,2025-11-26,[167],['Companies from Jenkins'],[25],[0.0]
anateresafernandez.com,Teresa Fernandez,US,NEW_BATCH_MANUAL,2025-10-09,[167],['Companies from Jenkins'],[25],[0.0]
angelogordon.com,"Angelo, Gordon and Co.",US,NEW_BATCH,2024-10-01,"[97, 115]","['Alternative Asset Management', 'Real Estate']","[25, 25]","[0.0, 97.0]"
anna-deco.ch,Boutique Anna,CH,NEW_BATCH_JENKINS,2025-11-28,[167],['Companies from Jenkins'],[25],[0.0]
annemarie-leibundgut.ch,Annemarie Leibundgut Coaching & Beratung,CH,NEW_BATCH_JENKINS,2025-11-27,[167],['Companies from Jenkins'],[25],[0.0]
antaresfid.com,Antares Fiduciaria,CH,NEW_BATCH_JENKINS,2025-11-27,[167],['Companies from Jenkins'],[25],[0.0]
aperohcatering.ch,apéroh Silvia Rellstab,CH,NEW_BATCH_JENKINS,2025-11-27,[167],['Companies from Jenkins'],[25],[0.0]
apotheke-am-torturm.de,Apotheke am Torturm,DE,NEW_BATCH_MANUAL,2025-10-10,[167],['Companies from Jenkins'],[25],[0.0]
apotheke-katharinenhof.de,Apotheke Am Katharinenhof,DE,NEW_BATCH_MANUAL,2025-10-10,[167],['Companies from Jenkins'],[25],[0.0]
aquaform.ch,Aquaform,CH,NEW_BATCH_JENKINS,2025-11-27,[167],['Companies from Jenkins'],[25],[0.0]
aquapol.it,Aquapol West Europe,MC,NEW_BATCH_MANUAL,2025-10-10,[167],['Companies from Jenkins'],[25],[0.0]
aquasyn.com,Aquasyn,US,NEW_BATCH_MANUAL,2025-10-10,[167],['Companies from Jenkins'],[25],[0.0]
aragen.com,Aragen,US,NEW_BATCH_MANUAL,2025-12-04,[214],['Medtech Services 3'],[25],[0.0]
arasetherapeutics.com,ARase Therapeutics,US,NEW_BATCH_MANUAL,2025-10-10,[167],['Companies from Jenkins'],[25],[0.0]
arboretum.bio,Arboretum LifeSciences,US,NEW_BATCH_MANUAL,2025-10-10,[167],['Companies from Jenkins'],[25],[0.0]
archbaum.ch,Archbaum Management,CH,NEW_BATCH_JENKINS,2025-11-28,[167],['Companies from Jenkins'],[25],[0.0]
archerresearch.eu,Archer Research,BE,NEW_BATCH,2025-07-07,"[158, 214]","['Commercialization', 'Medtech Services 3']","[25, 25]","[157.0, 0.0]"
archhoefe-textil.ch,Archhöfe Textilreinigung & Schneiderei,CH,NEW_BATCH_JENKINS,2025-11-27,[167],['Companies from Jenkins'],[25],[0.0]
ardival.ch,ARDIVAL,CH,NEW_BATCH_JENKINS,2025-11-27,[167],['Companies from Jenkins'],[25],[0.0]
arola-alfred-rochat.ch,Alfred Rochat & Fils,CH,NEW_BATCH_JENKINS,2025-11-27,[167],['Companies from Jenkins'],[25],[0.0]
arte-danza.ch,Tanzstudio ARTE-DANZA,CH,NEW_BATCH_JENKINS,2025-11-27,[167],['Companies from Jenkins'],[25],[0.0]
artlesswealth.com,Artless Wealth,GB,NEW_BATCH_MANUAL,2025-12-09,[215],['Wealth Management'],[10],[0.0]
arvi.ch,Ravin de la Veraye,CH,NEW_BATCH_JENKINS,2025-11-27,[167],['Companies from Jenkins'],[25],[0.0]
arztpraxis-ilic.ch,Arztpraxis Dr. Ilic AG,CH,NEW_BATCH_MANUAL,2025-11-18,"[18, 170]","['Healthcare Providers', 'General Physicians']","[3, 3]","[0.0, 18.0]"
asens-guardian.com,ASENS,ES,NEW_BATCH_MANUAL,2025-12-04,[25],['Medical Equipment and Supplies'],[25],[0.0]
asesordeinversiones.com,Asesordeinversiones.Com,VG,NEW_BATCH,2025-08-05,[41],['Wealth Management / Brokerage'],[10],[0.0]
ashleypharmatech.in,Ashley Pharmatech,IN,NEW_BATCH_MANUAL,2025-10-10,[167],['Companies from Jenkins'],[25],[0.0]
assisteffano.it,STEFFANO GROUP,IT,NEW_BATCH_DATAQA,2026-01-04,[216],['Insurance Brokerage'],[25],[0.0]
astenis.ch,Astenis,CH,NEW_BATCH_JENKINS,2025-11-27,[167],['Companies from Jenkins'],[25],[0.0]
atelier-dichiara.ch,Di Chiara Atelier Mécanique,CH,NEW_BATCH_JENKINS,2025-11-27,[167],['Companies from Jenkins'],[25],[0.0]
atomos.co.uk,Atomos,GB,NEW_BATCH,2025-06-24,[215],['Wealth Management'],[10],[0.0]
audite-gmbh.de,AUDITE Treuhand,DE,NEW_BATCH,2025-06-24,"[32, 153]","['Professional Services', 'Tax Advisors']","[25, 25]","[0.0, 32.0]"
augenklinik-wettingen.ch,Chirurgie Wettingen,CH,NEW_BATCH_JENKINS,2025-11-27,[167],['Companies from Jenkins'],[25],[0.0]
augenoptik-karwath.de,Augenoptik Karwath,DE,NEW_BATCH,2025-02-26,"[37, 121]","['Specialty Retailers', 'Opticians']","[3, 3]","[0.0, 37.0]"
augustinmon.ch,Treuhand Marius Augustin,CH,NEW_BATCH_JENKINS,2025-11-27,[167],['Companies from Jenkins'],[25],[0.0]
austerepharma.in,Austere Pharmaceuticals,IN,NEW_BATCH_MANUAL,2025-10-10,[167],['Companies from Jenkins'],[25],[0.0]
austintaylorinsurance.com,Austin Taylor,US,NEW_BATCH,2024-11-26,[22],['Insurance Brokers'],[25],[0.0]
auto-stieger.ch,Auto A. Stieger,CH,NEW_BATCH_JENKINS,2025-11-27,[167],['Companies from Jenkins'],[25],[0.0]
automobile-wohlensee.ch,Automobile Wohlensee,CH,NEW_BATCH_JENKINS,2025-11-27,[167],['Companies from Jenkins'],[25],[0.0]
autorosenberg.ch,Auto Rosenberg,CH,NEW_BATCH_JENKINS,2025-11-27,[167],['Companies from Jenkins'],[25],[0.0]
autowerk-ruchti.ch,Autowerk Ruchti,CH,NEW_BATCH_JENKINS,2025-11-27,[167],['Companies from Jenkins'],[25],[0.0]
avatar-moving.com,Avatar Relocation,US,NEW_BATCH_MANUAL,2025-10-10,[167],['Companies from Jenkins'],[25],[0.0]
avenuechemists.com,AVENUE CHEMISTS,US,NEW_BATCH_MANUAL,2025-10-10,[167],['Companies from Jenkins'],[25],[0.0]
avertamain.ch,Verein Avertamain,CH,NEW_BATCH_JENKINS,2025-11-27,[167],['Companies from Jenkins'],[25],[0.0]
ayalainsurance.com,Ayala Insurance,US,NEW_BATCH,2024-12-24,[22],['Insurance Brokers'],[25],[0.0]
baconchevrolet.net,Bacon,US,NEW_BATCH,2024-12-24,[22],['Insurance Brokers'],[25],[0.0]
badzauber.com,Schneider Buescher,DE,NEW_BATCH_DATAQA,2025-12-06,"[23, 171]","['Construction Services', 'HVAC and Plumbing']","[250, 250]","[0.0, 23.0]"
baeckerei-schmidt.de,Bäckerei Schmidt,DE,NEW_BATCH,2025-03-14,"[34, 87]","['Retailing - Food', 'Bakeries']","[3, 3]","[0.0, 34.0]"
baeumers.de,Baeumers Wirkungsgrad,DE,NEW_BATCH_DATAQA,2025-11-18,"[23, 171]","['Construction Services', 'HVAC and Plumbing']","[250, 250]","[0.0, 23.0]"
baffanobrokers.com,Baffano Brokers Group,US,NEW_BATCH,2024-11-26,[22],['Insurance Brokers'],[25],[0.0]
bagger-zueger.ch,Bagger Züger,CH,NEW_BATCH_JENKINS,2025-11-27,[167],['Companies from Jenkins'],[25],[0.0]
bam.com,BAM Industrie,NL,NEW_BATCH_MANUAL,2025-12-08,"[157, 214]","['Pharma Services', 'Medtech Services 3']","[25, 25]","[0.0, 0.0]"
bannalp.ch,Luftseilbahn Fell-Chrüzhütte (LFCh),CH,NEW_BATCH_JENKINS,2025-11-27,[167],['Companies from Jenkins'],[25],[0.0]
barbellperformance.ch,Barbell Performance,CH,NEW_BATCH_JENKINS,2025-11-27,[167],['Companies from Jenkins'],[25],[0.0]
barkerpoland.co.uk,Barker Poland Asset Management,GB,NEW_BATCH,2024-10-18,[215],['Wealth Management'],[10],[0.0]
basaltec.ch,Basaltec,CH,NEW_BATCH_JENKINS,2025-11-27,[167],['Companies from Jenkins'],[25],[0.0]
basf.ch,BASF Schweiz AG,CH,NEW_BATCH_MANUAL,2025-11-18,"[18, 170]","['Healthcare Providers', 'General Physicians']","[3, 3]","[0.0, 18.0]"
bauadvisors.com,Bau Advisors,US,NEW_BATCH,2025-07-31,[41],['Wealth Management / Brokerage'],[10],[0.0]
bauer-baumschulen.ch,Theo Bauer,CH,NEW_BATCH_JENKINS,2025-11-27,[167],['Companies from Jenkins'],[25],[0.0]
baukanzlei.org,SW Bau- + Architektur,CH,NEW_BATCH_JENKINS,2025-11-27,[167],['Companies from Jenkins'],[25],[0.0]
baumgartner.grienschgl.at,Baumgartner & Grienschgl,AT,NEW_BATCH_DATAQA,2025-10-20,"[32, 153]","['Professional Services', 'Tax Advisors']","[25, 25]","[0.0, 32.0]"
bauschmidt.haus,Bau Schmidt,DE,NEW_BATCH_DATAQA,2025-12-16,"[23, 172]","['Construction Services', 'Energy Renovation Consulting']","[250, 250]","[0.0, 23.0]"
bayoocare.com,BAYOOCARE,DE,NEW_BATCH_MANUAL,2025-12-09,[180],['Medtech Services'],[25],[0.0]
bdmanagement.ch,Business & Digitalization Management,CH,NEW_BATCH_JENKINS,2025-11-27,[167],['Companies from Jenkins'],[25],[0.0]
bealemarine.com,Beale Marine,US,NEW_BATCH,2024-12-24,[22],['Insurance Brokers'],[25],[0.0]
beaulieu.ch,CINIQUE GENERALE BEAULIEU,CH,NEW_BATCH_MANUAL,2025-11-18,"[18, 170]","['Healthcare Providers', 'General Physicians']","[3, 3]","[0.0, 18.0]"
beautycave.in,Beauty Cave Cosmetics,IN,NEW_BATCH_MANUAL,2025-10-10,[167],['Companies from Jenkins'],[25],[0.0]
begra-herne.de,BE.GRA Steuerberatungsgesellschaft,DE,NEW_BATCH,2025-06-24,"[32, 153]","['Professional Services', 'Tax Advisors']","[25, 25]","[0.0, 32.0]"
benefirstsolutions.com,Benefirst,US,NEW_BATCH,2024-12-27,[22],['Insurance Brokers'],[25],[0.0]
benewmedical.fr,LABORATOIRE BENEWMEDICAL,FR,NEW_BATCH_DATAQA,2025-11-28,[25],['Medical Equipment and Supplies'],[25],[0.0]
benjaminbarakat.com,Barakat Photography,CH,NEW_BATCH_JENKINS,2025-11-28,[167],['Companies from Jenkins'],[25],[0.0]
bergerbau.ch,BERGER GERÜSTBAU,CH,NEW_BATCH_JENKINS,2025-11-27,[167],['Companies from Jenkins'],[25],[0.0]
bernardi.ch,Bernardi & Co.,CH,NEW_BATCH_JENKINS,2025-11-27,[167],['Companies from Jenkins'],[25],[0.0]
bernardo-coffee.ch,Bernardo,CH,NEW_BATCH_JENKINS,2025-11-27,[167],['Companies from Jenkins'],[25],[0.0]
bernaroof.ch,Bernaroof,CH,NEW_BATCH_JENKINS,2025-11-27,[167],['Companies from Jenkins'],[25],[0.0]
bernerbewegung.ch,Andreas Berger Filmproduktion,CH,NEW_BATCH_JENKINS,2025-11-28,[167],['Companies from Jenkins'],[25],[0.0]
bessergipsen.ch,Gipsergeschäft Hamacher & Rüegg,CH,NEW_BATCH_JENKINS,2025-11-27,[167],['Companies from Jenkins'],[25],[0.0]
betz-technik.de,Herbert Betz,DE,NEW_BATCH_DATAQA,2025-11-08,"[23, 173]","['Construction Services', 'Electrical Installation']","[250, 250]","[0.0, 23.0]"
bgbasel.ch,Max Fäh,CH,NEW_BATCH_JENKINS,2025-11-27,[167],['Companies from Jenkins'],[25],[0.0]
bienkowski.czest.pl,Hurtownia Farmaceutyczna mgr farm. J. Bienkowski,PL,NEW_BATCH_MANUAL,2025-10-10,[167],['Companies from Jenkins'],[25],[0.0]
bikeuncle.ch,Brühwiler Christian Bikeuncle,CH,NEW_BATCH_JENKINS,2025-11-27,[167],['Companies from Jenkins'],[25],[0.0]
biogenericpharma.com,BGP,EG,NEW_BATCH_MANUAL,2025-10-10,[167],['Companies from Jenkins'],[25],[0.0]
biolog-heppe.de,BioLog Biotechnologie Und Logistik,DE,NEW_BATCH_MANUAL,2025-10-10,[167],['Companies from Jenkins'],[25],[0.0]
biomarine.bio,BioMarine Laboratories,ES,NEW_BATCH_MANUAL,2025-10-10,[167],['Companies from Jenkins'],[25],[0.0]
biover.com,Biover,BE,NEW_BATCH_MANUAL,2025-10-10,[167],['Companies from Jenkins'],[25],[0.0]
birindelli.com,BIRINDELLI AUTO,IT,NEW_BATCH,2025-06-24,[77],['Retailing - Auto'],[10],[0.0]
blaesi-motos.ch,Bläsi-Motos,CH,NEW_BATCH_JENKINS,2025-11-27,[167],['Companies from Jenkins'],[25],[0.0]
blechrollerbox.ch,Blechrollerbox Katz,CH,NEW_BATCH_JENKINS,2025-11-27,[167],['Companies from Jenkins'],[25],[0.0]
bluemechaeller.de,"floristica, flower inspirations Petra Vogt",CH,NEW_BATCH_JENKINS,2025-11-27,[167],['Companies from Jenkins'],[25],[0.0]
bluemeria.ch,Bluemeria Nina Linder,CH,NEW_BATCH_JENKINS,2025-11-27,[167],['Companies from Jenkins'],[25],[0.0]
bluemilk.ch,BlueMilk Studio,CH,NEW_BATCH_JENKINS,2025-11-27,[167],['Companies from Jenkins'],[25],[0.0]
blutest.com,BluTest Laboratories,GB,NEW_BATCH_MANUAL,2025-10-10,[167],['Companies from Jenkins'],[25],[0.0]
bnzk.ch,bnzk,CH,NEW_BATCH_JENKINS,2025-11-28,[167],['Companies from Jenkins'],[25],[0.0]
bodensee-zahnarzt.de,Zahnarztpraxis Kalker König,DE,NEW_BATCH_JENKINS,2025-12-02,"[18, 125]","['Healthcare Providers', 'Dentists']","[3, 3]","[0.0, 18.0]"
boeck-kabelpflug.de,Böck Kabel- und RohrPflug,DE,NEW_BATCH,2025-08-01,"[23, 163]","['Construction Services', 'Cable and Pipeline Network Engineering']","[250, 250]","[0.0, 23.0]"
boesl-med.de,BÖSL Medizintechnik,DE,NEW_BATCH_MANUAL,2025-12-04,[25],['Medical Equipment and Supplies'],[25],[0.0]
bonnsmile.de,BonnSmile,DE,NEW_BATCH_JENKINS,2025-12-02,"[18, 125]","['Healthcare Providers', 'Dentists']","[3, 3]","[0.0, 18.0]"
boutiquemyown.ch,My Own Womenswear - Kappeler,CH,NEW_BATCH_JENKINS,2025-11-27,[167],['Companies from Jenkins'],[25],[0.0]
bowsidecapital.com,Bowside Capital,US,NEW_BATCH,2025-08-02,[41],['Wealth Management / Brokerage'],[10],[0.0]
bplmedicaltechnologies.com,BPL MEDICAL TECHNOLOGIES,IN,NEW_BATCH_MANUAL,2025-12-04,[25],['Medical Equipment and Supplies'],[25],[0.0]
brambles.com,Brambles,GB,NEW_BATCH_DATAQA,2025-11-03,"[32, 153]","['Professional Services', 'Tax Advisors']","[25, 25]","[0.0, 32.0]"
brandcenterusa.com,"CB Brand Strategies, Wilmington, Delaware, USA, Zweigniederlassung Zug",CH,NEW_BATCH_JENKINS,2025-11-27,[167],['Companies from Jenkins'],[25],[0.0]
braveport.com,Braveport,US,NEW_BATCH,2024-12-26,[22],['Insurance Brokers'],[25],[0.0]
bremer-immobilien.de,Bremer Immobilien,DE,NEW_BATCH,2024-11-26,"[22, 151]","['Insurance Brokers', 'Retail Clients']","[25, 25]","[0.0, 22.0]"
bremerproaqua.de,Bremer pro aqua Wasser- u. Abwassertechnik,DE,NEW_BATCH_DATAQA,2025-10-29,"[23, 169]","['Construction Services', 'Technical Building Services']","[250, 250]","[0.0, 23.0]"
bridgespecialtygroup.com,Bridge Specialty Group,US,NEW_BATCH,2024-12-15,[22],['Insurance Brokers'],[25],[0.0]
brioche.lu,Baeckerei Café Brioche,CH,NEW_BATCH,2025-02-03,"[34, 87]","['Retailing - Food', 'Bakeries']","[3, 3]","[0.0, 34.0]"
britecyte.com,Britecyte,US,NEW_BATCH_MANUAL,2025-10-10,[167],['Companies from Jenkins'],[25],[0.0]
brothandgemacht.de,Bäcker Becker Ihn. Christian Peter Brück,DE,NEW_BATCH,2025-07-03,"[34, 87]","['Retailing - Food', 'Bakeries']","[3, 3]","[0.0, 34.0]"
bruinbiometrics.com,Bruin Biometrics,US,NEW_BATCH_MANUAL,2025-12-04,[25],['Medical Equipment and Supplies'],[25],[0.0]
bsgco.com,BSG,US,NEW_BATCH,2024-11-27,[32],['Professional Services'],[25],[0.0]
buchalik-broemmekamp.de,Buchalik Broemmekamp,DE,NEW_BATCH,2024-11-27,[32],['Professional Services'],[25],[0.0]
buchhandlung-amkronenplatz.ch,Buchhandlung am Kronenplatz,CH,NEW_BATCH_JENKINS,2025-11-27,[167],['Companies from Jenkins'],[25],[0.0]
buechel-schreinerei.ch,Felix Büchel Designwerkstatt,CH,NEW_BATCH_JENKINS,2025-11-27,[167],['Companies from Jenkins'],[25],[0.0]
bundiundbundi.ch,bundi und bundi,CH,NEW_BATCH_JENKINS,2025-11-27,[167],['Companies from Jenkins'],[25],[0.0]
burkhalter-elektro.ch,Burkhalter Elektro Linden,CH,NEW_BATCH_JENKINS,2025-11-28,[167],['Companies from Jenkins'],[25],[0.0]
burkhardtag.ch,Burkhardt Gebäudehülle,CH,NEW_BATCH_JENKINS,2025-11-27,[167],['Companies from Jenkins'],[25],[0.0]
bwa-steuerberatung.de,BWA Steuerberatungsgesellschaft,DE,NEW_BATCH,2025-06-24,"[32, 153]","['Professional Services', 'Tax Advisors']","[25, 25]","[0.0, 32.0]"
caat.ch,CABINET MEDICAL JEANNET PETER NATHALIE,CH,NEW_BATCH_MANUAL,2025-11-18,"[18, 170]","['Healthcare Providers', 'General Physicians']","[3, 3]","[0.0, 18.0]"
calonder-blumen.ch,Blumen Calonder,CH,NEW_BATCH_JENKINS,2025-11-27,[167],['Companies from Jenkins'],[25],[0.0]
camarco.co.uk,Camarco,GB,NEW_BATCH,2024-11-26,[32],['Professional Services'],[25],[0.0]
campus-nes.de,Palliativstation Rhön-Klinikum Campus Bad Neustadt,DE,NEW_BATCH,2025-07-17,"[18, 127, 168]","['Healthcare Providers', 'Rehabilitation & Therapy', 'Palliative Care']","[3, 3, 3]","[0.0, 18.0, 18.0]"
capricedutemps.com,Cave caprice du temps CLAVIEN,CH,NEW_BATCH_JENKINS,2025-11-27,[167],['Companies from Jenkins'],[25],[0.0]
capricorncapital.nl,Capricorn Capital,NL,MIGRATION,2024-09-29,"[97, 115, 120]","['Alternative Asset Management', 'Real Estate', 'Venture Capital']","[25, 25, 25]","[0.0, 97.0, 97.0]"
caritas-castrop-rauxel.de,Ambulanter Hospizdienst Castrop-Rauxel,DE,NEW_BATCH_DATAQA,2025-10-19,"[18, 168]","['Healthcare Providers', 'Palliative Care']","[3, 3]","[0.0, 18.0]"
carlosweiss.de,Carlos Weiss,DE,NEW_BATCH,2025-03-22,[55],['Consumer Products & Services'],[25],[0.0]
carronexcursions.ch,CARRON EXCURSIONS,CH,NEW_BATCH_JENKINS,2025-11-27,[167],['Companies from Jenkins'],[25],[0.0]
caryouneed.ch,CarYouNeed,CH,NEW_BATCH_JENKINS,2025-11-27,[167],['Companies from Jenkins'],[25],[0.0]
casa-cattai.ch,casa cattai malerhandwerk gebäudeunterhalt,CH,NEW_BATCH_JENKINS,2025-11-27,[167],['Companies from Jenkins'],[25],[0.0]
catherinebennettaca.co.uk,Catherine Bennett,GB,NEW_BATCH_DATAQA,2025-11-04,"[32, 153]","['Professional Services', 'Tax Advisors']","[25, 25]","[0.0, 32.0]"
cbiholdings.com,Cbi Holdings,US,NEW_BATCH,2024-12-30,[22],['Insurance Brokers'],[25],[0.0]
cefadvisors.com,Closed-End Fund Advisors,US,NEW_BATCH,2024-10-01,[41],['Wealth Management / Brokerage'],[10],[0.0]
cellomaticsbio.com,Cellomatics Bioscience,GB,NEW_BATCH_MANUAL,2025-12-04,[180],['Medtech Services'],[25],[0.0]
cepsa.ch,CEP SA Gestion de Fortune,CH,NEW_BATCH_JENKINS,2025-11-27,[167],['Companies from Jenkins'],[25],[0.0]
certifid.com,Certifid,US,NEW_BATCH,2024-12-30,[22],['Insurance Brokers'],[25],[0.0]
cesag.ch,BARGEO-Projektmanagement,CH,NEW_BATCH_JENKINS,2025-11-27,[167],['Companies from Jenkins'],[25],[0.0]
cfm.com,CAPITAL FUND MANAGEMENT,GB,NEW_BATCH_MANUAL,2025-12-09,[41],['Wealth Management / Brokerage'],[10],[0.0]
cfosim.com,cfo insurance brokers,IT,NEW_BATCH_DATAQA,2026-01-04,[216],['Insurance Brokerage'],[25],[0.0]
ch.ompharma.com,Chiesi,CH,NEW_BATCH_JENKINS,2025-11-27,[167],['Companies from Jenkins'],[25],[0.0]
change-coaching-gmbh.ch,Change Coaching,CH,NEW_BATCH_JENKINS,2025-11-26,[167],['Companies from Jenkins'],[25],[0.0]
channelcapital.io,Channel Capital Advisors,GB,NEW_BATCH_MANUAL,2025-12-09,[32],['Professional Services'],[25],[0.0]
cheynecapital.com,Cheyne Capital Management,GB,NEW_BATCH_MANUAL,2025-12-09,[32],['Professional Services'],[25],[0.0]
chiveda.ch,ChiVeda - Janine Breetz,CH,NEW_BATCH_JENKINS,2025-11-27,[167],['Companies from Jenkins'],[25],[0.0]
chromacode.com,ChromaCode,US,NEW_BATCH_MANUAL,2025-10-10,[167],['Companies from Jenkins'],[25],[0.0]
ciacardetailing.ch,CABALAS C.I.A CAR DETAILING & SPA,CH,NEW_BATCH_JENKINS,2025-11-27,[167],['Companies from Jenkins'],[25],[0.0]
cifc.co.uk,CIFC Asset Management Europe,GB,NEW_BATCH_MANUAL,2025-12-09,[32],['Professional Services'],[25],[0.0]
circlebio.nl,Circle Bio,NL,NEW_BATCH_MANUAL,2025-10-10,[167],['Companies from Jenkins'],[25],[0.0]
cityelectro.ch,City Electro,CH,NEW_BATCH_JENKINS,2025-11-27,[167],['Companies from Jenkins'],[25],[0.0]
claremontbusinessgroup.com,Claremont Business Group,US,NEW_BATCH,2024-12-30,[22],['Insurance Brokers'],[25],[0.0]
cleftalign.com,CleftAlign,US,NEW_BATCH_MANUAL,2025-12-04,[25],['Medical Equipment and Supplies'],[25],[0.0]
cmc-luzern.ch,CMC Carola Minder Communications,CH,NEW_BATCH_JENKINS,2025-11-28,[167],['Companies from Jenkins'],[25],[0.0]
colarionpartners.com,Colarion,US,NEW_BATCH,2024-10-01,[97],['Alternative Asset Management'],[25],[0.0]
coles.kennesaw.edu,KSU Student Managed Investment Fund,US,NEW_BATCH,2024-11-25,"[97, 104, 113, 114, 115, 116, 120]","['Alternative Asset Management', 'Commodities', 'Private Equity', 'Real Assets', 'Real Estate', 'Renewable Energy', 'Venture Capital']","[25, 25, 25, 25, 25, 25, 25]","[0.0, 97.0, 97.0, 97.0, 97.0, 97.0, 97.0]"
concordebrokerage.com,Concorde Brokerage,US,NEW_BATCH,2024-12-28,[22],['Insurance Brokers'],[25],[0.0]
confiserie-braendli.ch,Confiserie Tea Room Brändli,CH,NEW_BATCH_JENKINS,2025-11-27,[167],['Companies from Jenkins'],[25],[0.0]
consonance.tech,Consonance,PL,NEW_BATCH_MANUAL,2025-12-04,"[25, 214]","['Medical Equipment and Supplies', 'Medtech Services 3']","[25, 25]","[0.0, 0.0]"
controlware.de,Controlware,DE,MIGRATION,2024-09-29,[21],['IT Consulting'],[25],[0.0]
cosmetics-therapie.ch,Steiner Cosmetic & Therapie,CH,NEW_BATCH_JENKINS,2025-11-27,[167],['Companies from Jenkins'],[25],[0.0]
cptu.org.uk,Cancer Research,GB,NEW_BATCH_MANUAL,2025-12-04,[180],['Medtech Services'],[25],[0.0]
credit-suisse.com,Credit Suisse,US,MIGRATION,2024-09-29,[7],['Banks'],[3],[0.0]
cresilon.com,Cresilon,US,NEW_BATCH_MANUAL,2025-10-10,[167],['Companies from Jenkins'],[25],[0.0]
crichtoninsurance.com,Crichton Insurance,JM,NEW_BATCH,2024-11-26,[22],['Insurance Brokers'],[25],[0.0]
crisam.pe,Crisam Import,0,NEW_BATCH_MANUAL,2025-10-10,[167],['Companies from Jenkins'],[25],[0.0]
csvm.ch,Center da sandà Val Müstair,CH,NEW_BATCH_MANUAL,2025-11-18,"[18, 170]","['Healthcare Providers', 'General Physicians']","[3, 3]","[0.0, 18.0]"
cutlerandgross.com,Cutler and Gross,GB,NEW_BATCH_DATAQA,2025-12-11,"[25, 157]","['Medical Equipment and Supplies', 'Pharma Services']","[25, 25]","[0.0, 0.0]"
dabpharmservice.com,DAB Pharmservice,0,NEW_BATCH_MANUAL,2025-10-10,[167],['Companies from Jenkins'],[25],[0.0]
daneopartners.ch,Daneo Partners,CH,NEW_BATCH_JENKINS,2025-11-27,[167],['Companies from Jenkins'],[25],[0.0]
das-frisurenteam.de,das frisurenTeam,DE,NEW_BATCH,2025-07-03,[55],['Consumer Products & Services'],[25],[0.0]
das-ladenlokal.ch,das Ladenlokal - glanzlos Andrea Wicki Bormann,CH,NEW_BATCH_JENKINS,2025-11-27,[167],['Companies from Jenkins'],[25],[0.0]
dastaggenberg.ch,Nico Management,CH,NEW_BATCH_JENKINS,2025-11-27,[167],['Companies from Jenkins'],[25],[0.0]
data-tiefbau.de,Data Tiefbau,DE,NEW_BATCH,2025-08-12,"[23, 163]","['Construction Services', 'Cable and Pipeline Network Engineering']","[250, 250]","[0.0, 23.0]"
davisprivatewealth.com,Davis Private Wealth,US,NEW_BATCH,2025-08-12,[41],['Wealth Management / Brokerage'],[10],[0.0]
dbo-treuhand.ch,DBO Treuhand,CH,NEW_BATCH_JENKINS,2025-11-27,[167],['Companies from Jenkins'],[25],[0.0]
dec-systemes.ch,DEC Solutions,CH,NEW_BATCH_JENKINS,2025-11-27,[167],['Companies from Jenkins'],[25],[0.0]
dectris.com,DECTRIS,CH,NEW_BATCH_JENKINS,2025-11-27,[167],['Companies from Jenkins'],[25],[0.0]
delmesefischer.ch,Del Mese-Fischer Galerie & Verlag,CH,NEW_BATCH_JENKINS,2025-11-28,[167],['Companies from Jenkins'],[25],[0.0]
demharter-partner.de,Demharter & Partner Wirtschaftsprüfer Steuerberater Rechtsanwalt,DE,NEW_BATCH,2025-06-24,"[32, 153]","['Professional Services', 'Tax Advisors']","[25, 25]","[0.0, 32.0]"
demoteks.web.tr,Demoteks Medikal Tekstil,TR,NEW_BATCH_MANUAL,2025-12-04,[25],['Medical Equipment and Supplies'],[25],[0.0]
denmarkpharma.com,DEN MARK PHARMACEUTICALS,IN,NEW_BATCH_MANUAL,2025-10-10,[167],['Companies from Jenkins'],[25],[0.0]
design-management.ch,DeSign Management,CH,NEW_BATCH_JENKINS,2025-11-27,[167],['Companies from Jenkins'],[25],[0.0]
dgr-wpg.de,DGR Deutsche Genossenschafts-Revision,DE,NEW_BATCH,2025-06-24,"[32, 153]","['Professional Services', 'Tax Advisors']","[25, 25]","[0.0, 32.0]"
diakoneo.de,SAPV Schwäbisch Hall - Hohenlohe,DE,NEW_BATCH_MANUAL,2025-10-20,"[18, 168]","['Healthcare Providers', 'Palliative Care']","[3, 3]","[0.0, 18.0]"
diakonie-gotha.de,Diakoniewerk Gotha gGmbH  Betreutes Jugendwohnen Haus Bergallee,DE,NEW_BATCH_MANUAL,2025-12-11,"[18, 179]","['Healthcare Providers', 'Child and Youth Welfare']","[3, 3]","[0.0, 18.0]"
diaverum.com,Diaverum,SE,NEW_BATCH,2025-02-16,"[18, 123]","['Healthcare Providers', 'Dialysis Services']","[3, 3]","[0.0, 18.0]"
diemundgesundheitspraxis.de,Zahnarztpraxis Brit Janke,DE,NEW_BATCH_JENKINS,2025-12-01,"[18, 125]","['Healthcare Providers', 'Dentists']","[3, 3]","[0.0, 18.0]"
diepolsterin.ch,"Die Polsterin, Claudia Bremser",CH,NEW_BATCH_JENKINS,2025-11-27,[167],['Companies from Jenkins'],[25],[0.0]
dietrich-architekten.ch,dietrich-architekten,CH,NEW_BATCH_JENKINS,2025-11-27,[167],['Companies from Jenkins'],[25],[0.0]
dil.ch,dil Kälin,CH,NEW_BATCH_JENKINS,2025-11-27,[167],['Companies from Jenkins'],[25],[0.0]
dimaitalia.com,Dima Italia,IT,NEW_BATCH_MANUAL,2025-12-04,"[25, 157]","['Medical Equipment and Supplies', 'Pharma Services']","[25, 25]","[0.0, 0.0]"
dimax.ch,DIMAX Ch. Brand,CH,NEW_BATCH_JENKINS,2025-11-27,[167],['Companies from Jenkins'],[25],[0.0]
dinlokaleklinik.dk,Din lokale høreklinik,DK,NEW_BATCH_MANUAL,2025-10-10,[167],['Companies from Jenkins'],[25],[0.0]
direktkurier.ch,Rezid,CH,NEW_BATCH_JENKINS,2025-11-28,[167],['Companies from Jenkins'],[25],[0.0]
dms.swiss,DMS Schnee,CH,NEW_BATCH_JENKINS,2025-11-27,[167],['Companies from Jenkins'],[25],[0.0]
dock8.ch,Dock8,CH,NEW_BATCH_JENKINS,2025-11-27,[167],['Companies from Jenkins'],[25],[0.0]
domaine-chiquet.ch,Domaine Chiquet,CH,NEW_BATCH_JENKINS,2025-11-27,[167],['Companies from Jenkins'],[25],[0.0]
dorfgarage-killwangen.ch,Dorfgarage Top Car,CH,NEW_BATCH_JENKINS,2025-11-27,[167],['Companies from Jenkins'],[25],[0.0]
downlineinsurance.com,Downline Insurance Group,US,NEW_BATCH,2025-01-03,[22],['Insurance Brokers'],[25],[0.0]
dr-behm.de,Zahnarztpraxis Dr. Behm,DE,NEW_BATCH_JENKINS,2025-12-01,"[18, 125]","['Healthcare Providers', 'Dentists']","[3, 3]","[0.0, 18.0]"
dr-berit-rau.de,Dr. Berit Rau,DE,NEW_BATCH_JENKINS,2025-12-01,"[18, 125]","['Healthcare Providers', 'Dentists']","[3, 3]","[0.0, 18.0]"
dr-hennecke-nitsche.de,Zahnarzt Praxis Dr. Hennecke-Nitsche & Partner,DE,NEW_BATCH_JENKINS,2025-12-01,"[18, 125]","['Healthcare Providers', 'Dentists']","[3, 3]","[0.0, 18.0]"
dr-huelsmann.net,Praxis Dr. Philipp Hülsmann,DE,NEW_BATCH_JENKINS,2025-12-01,"[18, 125]","['Healthcare Providers', 'Dentists']","[3, 3]","[0.0, 18.0]"
dr-schemel.de,Zahnarztpraxis Dr. W. Schemel Und M. Elisabeth Schemel In Freiburg,DE,NEW_BATCH_JENKINS,2025-12-02,"[18, 125]","['Healthcare Providers', 'Dentists']","[3, 3]","[0.0, 18.0]"
dr-stermann.de,Dr. Dr. Werner Stermann,DE,NEW_BATCH_JENKINS,2025-12-01,"[18, 125]","['Healthcare Providers', 'Dentists']","[3, 3]","[0.0, 18.0]"
dr-weigel-whv.de,Praxis Dr. Weigel,DE,NEW_BATCH_JENKINS,2025-12-02,"[18, 125]","['Healthcare Providers', 'Dentists']","[3, 3]","[0.0, 18.0]"
dr.liebensohn.de,Dr. Evgeniy Liebensohn,DE,NEW_BATCH_JENKINS,2025-12-01,"[18, 125]","['Healthcare Providers', 'Dentists']","[3, 3]","[0.0, 18.0]"
drbasten.de,"Praxis Dr. med. dent. , M. S. D. (USA) Christoph H. -J. Basten",DE,NEW_BATCH_JENKINS,2025-12-02,"[18, 125]","['Healthcare Providers', 'Dentists']","[3, 3]","[0.0, 18.0]"
drbauer-co.de,Dr. Bauer & Co.,AT,MIGRATION,2024-09-29,[41],['Wealth Management / Brokerage'],[10],[0.0]
dreh-gmbh.ch,dreh,CH,NEW_BATCH_JENKINS,2025-11-27,[167],['Companies from Jenkins'],[25],[0.0]
drivecure.in,Drivecure Healthcare,0,NEW_BATCH_MANUAL,2025-10-10,[167],['Companies from Jenkins'],[25],[0.0]
drogerie-studer.ch,Drogerie Studer,CH,NEW_BATCH_JENKINS,2025-11-27,[167],['Companies from Jenkins'],[25],[0.0]
drspies.de,Zahnarztpraxis Dr. Spies,DE,NEW_BATCH_JENKINS,2025-12-02,"[18, 125]","['Healthcare Providers', 'Dentists']","[3, 3]","[0.0, 18.0]"
ds-deutsche-steuerberatung.de,DS Deutsche Steuerberatungsgesellschaft,DE,NEW_BATCH,2025-06-24,"[32, 153]","['Professional Services', 'Tax Advisors']","[25, 25]","[0.0, 32.0]"
dt-consulting.com,DT Consulting,GB,NEW_BATCH,2025-07-08,"[158, 180]","['Commercialization', 'Medtech Services']","[25, 25]","[157.0, 0.0]"
durynek-stake.de,Dr. Durynek & Dr. Stake,DE,NEW_BATCH_JENKINS,2025-12-01,"[18, 125]","['Healthcare Providers', 'Dentists']","[3, 3]","[0.0, 18.0]"
dusucre-macarons.de,dusucre Macarons,DE,NEW_BATCH,2025-07-03,"[34, 87]","['Retailing - Food', 'Bakeries']","[3, 3]","[0.0, 34.0]"
earthoptics.com,Earthoptics,0,NEW_BATCH_MANUAL,2025-10-10,[167],['Companies from Jenkins'],[25],[0.0]
eastexinsurance.com,Eastex,US,NEW_BATCH,2025-01-02,[22],['Insurance Brokers'],[25],[0.0]
eatpac.ch,EATPAC,CH,NEW_BATCH_JENKINS,2025-11-27,[167],['Companies from Jenkins'],[25],[0.0]
eberhard-gartenpflege.ch,Eberhard Gartenpflege,CH,NEW_BATCH_JENKINS,2025-11-27,[167],['Companies from Jenkins'],[25],[0.0]
ecoblast.ch,EcoBlast Palumbo,CH,NEW_BATCH_JENKINS,2025-11-27,[167],['Companies from Jenkins'],[25],[0.0]
ecopio.com,Wuhan Eco Pioneer Technology,CN,NEW_BATCH_MANUAL,2025-10-10,[167],['Companies from Jenkins'],[25],[0.0]
ecosand.ch,ECOSAND SABLAGE - DE SOUSA FONSECA,CH,NEW_BATCH_JENKINS,2025-11-27,[167],['Companies from Jenkins'],[25],[0.0]
egica.ch,Egica,CH,NEW_BATCH_JENKINS,2025-11-27,[167],['Companies from Jenkins'],[25],[0.0]
eisenhorn.com,EISENHORN,CH,NEW_BATCH_JENKINS,2025-11-28,[167],['Companies from Jenkins'],[25],[0.0]
elektro-adelmann.de,Adelmann Sicherheitstechnik,DE,NEW_BATCH_MANUAL,2026-01-09,"[32, 218]","['Professional Services', 'Access Systems, Security Electronics and Fencing Solutions']","[25, 25]","[0.0, 32.0]"
elektro-schlecker.de,M. u. W. Schlecker Elektrische Anlagen,DE,NEW_BATCH_DATAQA,2025-10-29,"[23, 169]","['Construction Services', 'Technical Building Services']","[250, 250]","[0.0, 23.0]"
eliascoiffeur.ch,Elias Coiffeur,CH,NEW_BATCH_JENKINS,2025-11-27,[167],['Companies from Jenkins'],[25],[0.0]
elixirbiz.com,Elixir Business Solution,IN,NEW_BATCH,2025-06-24,[32],['Professional Services'],[25],[0.0]
emmentaler-pizza-kebap.ch,Emmentaler Pizza & Kebab Hamo Aras,CH,NEW_BATCH_JENKINS,2025-11-27,[167],['Companies from Jenkins'],[25],[0.0]
empiristat.com,EmpiriStat,US,NEW_BATCH_MANUAL,2025-12-04,[214],['Medtech Services 3'],[25],[0.0]
en.towardpi.com,TowardPi (Shanghai) Medical Technology,CN,NEW_BATCH_MANUAL,2025-12-04,[25],['Medical Equipment and Supplies'],[25],[0.0]
enaba.ch,ENABA,CH,NEW_BATCH_JENKINS,2025-11-27,[167],['Companies from Jenkins'],[25],[0.0]
energieberatung-steichele.de,Steichele GmbH & Co. KG - Ing.-Büro für Energieberatung,DE,NEW_BATCH_DATAQA,2025-11-21,"[23, 172]","['Construction Services', 'Energy Renovation Consulting']","[250, 250]","[0.0, 23.0]"
energoflow.com,Energoflow,CH,NEW_BATCH_JENKINS,2025-11-28,[167],['Companies from Jenkins'],[25],[0.0]
envasachet.cl,ENVASACHET,CL,NEW_BATCH_MANUAL,2025-10-10,[167],['Companies from Jenkins'],[25],[0.0]
envirochemie.com,EnviroChemie,CH,NEW_BATCH_JENKINS,2025-11-27,[167],['Companies from Jenkins'],[25],[0.0]
erdi.ch,ERDI Coiffeur Fetahu,CH,NEW_BATCH_JENKINS,2025-11-27,[167],['Companies from Jenkins'],[25],[0.0]
erfahrungsstark.com,Erfahrungsstark Andrea Neubauer,CH,NEW_BATCH_JENKINS,2025-11-27,[167],['Companies from Jenkins'],[25],[0.0]
ermatingen.ch,KU7,CH,NEW_BATCH_JENKINS,2025-11-27,[167],['Companies from Jenkins'],[25],[0.0]
erosworld.ch,Maro Groupe,CH,NEW_BATCH_JENKINS,2025-11-27,[167],['Companies from Jenkins'],[25],[0.0]
eryse.ch,Eryse,CH,NEW_BATCH_JENKINS,2025-11-28,[167],['Companies from Jenkins'],[25],[0.0]
es.calibrescientific.com,CALIBRE SCIENTIFIC SPAIN,ES,NEW_BATCH_MANUAL,2025-12-04,[25],['Medical Equipment and Supplies'],[25],[0.0]
espoir-verlag.ch,Espoir Verlag und Reisen,CH,NEW_BATCH_JENKINS,2025-11-27,[167],['Companies from Jenkins'],[25],[0.0]
estragenpharma.com,ESTRAGEN PHARMA,IN,NEW_BATCH_MANUAL,2025-10-10,[167],['Companies from Jenkins'],[25],[0.0]
etm-gmbh.ch,ETM,CH,NEW_BATCH_JENKINS,2025-11-27,[167],['Companies from Jenkins'],[25],[0.0]
exertusfinancialpartners.com,Exertus,US,NEW_BATCH,2024-12-15,[22],['Insurance Brokers'],[25],[0.0]
ext.vt.edu,Va Cooperative Extension,US,NEW_BATCH_MANUAL,2025-10-10,[167],['Companies from Jenkins'],[25],[0.0]
fairfieldstax.co.uk,Fairfields Tax,GB,NEW_BATCH,2025-06-24,"[32, 153]","['Professional Services', 'Tax Advisors']","[25, 25]","[0.0, 32.0]"
familiengarten-zollikofen.ch,Familiengartengenossenschaft Zollikofen,CH,NEW_BATCH_JENKINS,2025-11-27,[167],['Companies from Jenkins'],[25],[0.0]
famillechapuisat.ch,Société coopérative de laiterie d'Aclens,CH,NEW_BATCH_JENKINS,2025-11-27,[167],['Companies from Jenkins'],[25],[0.0]
fapa-ag.ch,FAPA,CH,NEW_BATCH_JENKINS,2025-11-27,[167],['Companies from Jenkins'],[25],[0.0]
farben-mueller.ch,Farben Müller,CH,NEW_BATCH_JENKINS,2025-11-28,[167],['Companies from Jenkins'],[25],[0.0]
felixmartin.ch,felix martin Hi-Fi und Video Studios,CH,NEW_BATCH_JENKINS,2025-11-27,[167],['Companies from Jenkins'],[25],[0.0]
feratitransporte.ch,Ferati Transporte,CH,NEW_BATCH_JENKINS,2025-11-26,[167],['Companies from Jenkins'],[25],[0.0]
fg-bueroservice.ch,"FG-Büroservice, Fabio Gruosso",CH,NEW_BATCH_JENKINS,2025-11-27,[167],['Companies from Jenkins'],[25],[0.0]
fianostics.at,FIANOSTICS,AT,NEW_BATCH_MANUAL,2025-12-04,[25],['Medical Equipment and Supplies'],[25],[0.0]
fideliatreuhand.ch,GA Holding,CH,NEW_BATCH_JENKINS,2025-11-28,[167],['Companies from Jenkins'],[25],[0.0]
fidelisins.com,Fidelis,US,NEW_BATCH,2024-12-29,[22],['Insurance Brokers'],[25],[0.0]
fidesexperta.ch,Fides Experta,CH,NEW_BATCH,2025-09-08,"[32, 145]","['Professional Services', 'Accounting Services']","[25, 25]","[0.0, 32.0]"
fidz.ch,fidz,CH,NEW_BATCH,2025-09-08,"[32, 145]","['Professional Services', 'Accounting Services']","[25, 25]","[0.0, 32.0]"
finn-insurance.com,Finn Insurance,US,NEW_BATCH,2024-12-30,[22],['Insurance Brokers'],[25],[0.0]
firehouseins.com,Firehouse Insurance,US,NEW_BATCH,2024-12-30,[22],['Insurance Brokers'],[25],[0.0]
firmensitzschweiz.de,Yigit Onat,CH,NEW_BATCH_JENKINS,2025-11-27,[167],['Companies from Jenkins'],[25],[0.0]
firstance.com,Firstance,FI,NEW_BATCH,2024-11-26,"[22, 216]","['Insurance Brokers', 'Insurance Brokerage']","[25, 25]","[0.0, 0.0]"
firstaztitle.com,First Arizona Title Agency,US,NEW_BATCH,2024-12-15,[22],['Insurance Brokers'],[25],[0.0]
firstdirect.ch,First Direct,CH,NEW_BATCH_JENKINS,2025-11-27,[167],['Companies from Jenkins'],[25],[0.0]
flaach.ch,"Badi Kiosk Oerlingen, Vanessa Wepfer",CH,NEW_BATCH_JENKINS,2025-11-27,[167],['Companies from Jenkins'],[25],[0.0]
flatrockglobal.com,Flat Rock Global,US,NEW_BATCH,2024-10-01,"[97, 112]","['Alternative Asset Management', 'Private Debt']","[25, 25]","[0.0, 97.0]"
flexipers.ch,"Flexipers, Inhaberin Eufemia Stadler",CH,NEW_BATCH_JENKINS,2025-11-27,[167],['Companies from Jenkins'],[25],[0.0]
floeck-gartenbau.ch,Flöck Gartenbau,CH,NEW_BATCH_JENKINS,2025-11-27,[167],['Companies from Jenkins'],[25],[0.0]
floessertreuhand.ch,Dr. Flösser Treuhand,CH,NEW_BATCH_JENKINS,2025-11-27,[167],['Companies from Jenkins'],[25],[0.0]
floralnote.ch,Floral Note,CH,NEW_BATCH_JENKINS,2025-11-27,[167],['Companies from Jenkins'],[25],[0.0]
fondue-burg.com,Hotel Burg Hospental,CH,NEW_BATCH_JENKINS,2025-11-27,[167],['Companies from Jenkins'],[25],[0.0]
foracare.ch,ForaCare,CH,NEW_BATCH_MANUAL,2025-12-04,[25],['Medical Equipment and Supplies'],[25],[0.0]
formulationexperts.com,Formulation Experts,US,NEW_BATCH_MANUAL,2025-10-10,[167],['Companies from Jenkins'],[25],[0.0]
fortador.swiss,Steam Club,CH,NEW_BATCH_JENKINS,2025-11-27,[167],['Companies from Jenkins'],[25],[0.0]
forumtfi.pl,FORUM,PL,NEW_BATCH,2024-10-23,[5],['Asset Management'],[25],[0.0]
foxmain.com,Foxmain Associates,GB,NEW_BATCH,2025-06-24,"[32, 153]","['Professional Services', 'Tax Advisors']","[25, 25]","[0.0, 32.0]"
foyer-handicap.ch,Fondation Foyer-Handicap,CH,NEW_BATCH_MANUAL,2025-11-18,"[18, 170, 213]","['Healthcare Providers', 'General Physicians', 'Medtech Services 2']","[3, 3, 25]","[0.0, 18.0, 0.0]"
fpassociatesltd.co.uk,FP Associates,GB,NEW_BATCH_DATAQA,2025-10-31,"[32, 153]","['Professional Services', 'Tax Advisors']","[25, 25]","[0.0, 32.0]"
fraktala.ch,FRAKTALA,CH,NEW_BATCH_JENKINS,2025-11-28,[167],['Companies from Jenkins'],[25],[0.0]
fricke-augenoptik.de,Augenoptik Fricke,DE,NEW_BATCH,2025-02-26,"[37, 121]","['Specialty Retailers', 'Opticians']","[3, 3]","[0.0, 37.0]"
frieda.org,Frieda - die feministische Friedensorganisation,CH,NEW_BATCH_JENKINS,2025-11-27,[167],['Companies from Jenkins'],[25],[0.0]
friedliofenbau.ch,Rolf Friedli Ofenbau,CH,NEW_BATCH_JENKINS,2025-11-27,[167],['Companies from Jenkins'],[25],[0.0]
friendlypawspetresort.com,Friendly Paws,US,NEW_BATCH_MANUAL,2025-10-10,[167],['Companies from Jenkins'],[25],[0.0]
friseur-ausderwieschen.de,Aus der Wieschen,DE,NEW_BATCH,2025-07-03,[55],['Consumer Products & Services'],[25],[0.0]
friseurxtreme.de,Friseur X-TREME,DE,NEW_BATCH,2025-07-03,[55],['Consumer Products & Services'],[25],[0.0]
fromufoot.com,SHANDONG ESP HEALTHCARE,CN,NEW_BATCH_MANUAL,2025-12-08,[214],['Medtech Services 3'],[25],[0.0]
frontierdevices.com,FOLSOM METAL PRODUCTS,US,NEW_BATCH_MANUAL,2025-12-04,[25],['Medical Equipment and Supplies'],[25],[0.0]
fuerst-und-kreitsch.de,Fuerst Kreitsch & Coll. Steuerberatungsgesellschaft,DE,NEW_BATCH,2025-06-24,"[32, 153]","['Professional Services', 'Tax Advisors']","[25, 25]","[0.0, 32.0]"
functiomed.ch,functiomed GmbH,CH,NEW_BATCH_MANUAL,2025-11-18,"[18, 170]","['Healthcare Providers', 'General Physicians']","[3, 3]","[0.0, 18.0]"
futtermittelmarkt.com,Futtermittelmarkt,DE,NEW_BATCH,2025-03-08,"[37, 131]","['Specialty Retailers', 'Pet Shops']","[3, 3]","[0.0, 37.0]"
futuraluce.ch,"futuraluce, Licht und Design, Roberto Albasini",CH,NEW_BATCH_JENKINS,2025-11-27,[167],['Companies from Jenkins'],[25],[0.0]
futureofoliveoil.org,Olive Oil Network,CH,NEW_BATCH_JENKINS,2025-11-27,[167],['Companies from Jenkins'],[25],[0.0]
g-leu.ch,Gerhard Leu,CH,NEW_BATCH_JENKINS,2025-11-28,[167],['Companies from Jenkins'],[25],[0.0]
g3medical.nl,EmdaMed,NL,NEW_BATCH_DATAQA,2025-12-13,"[25, 157]","['Medical Equipment and Supplies', 'Pharma Services']","[25, 25]","[0.0, 0.0]"
galledia-event.ch,Galledia Event,CH,NEW_BATCH_JENKINS,2025-11-27,[167],['Companies from Jenkins'],[25],[0.0]
garagefasel.ch,Fasel Holding,CH,NEW_BATCH_JENKINS,2025-11-27,[167],['Companies from Jenkins'],[25],[0.0]
garagemarenghi.ch,GARAGE AUTO-PERFORMANCE,CH,NEW_BATCH_JENKINS,2025-11-27,[167],['Companies from Jenkins'],[25],[0.0]
garagescheuren.ch,Garage Scheuren,CH,NEW_BATCH_JENKINS,2025-11-27,[167],['Companies from Jenkins'],[25],[0.0]
gastrobrodard.ch,Broder Gastro,CH,NEW_BATCH_JENKINS,2025-11-28,[167],['Companies from Jenkins'],[25],[0.0]
gastrosurance.de,GastroSurance,DE,NEW_BATCH,2024-11-26,"[22, 152]","['Insurance Brokers', 'Mixed Clients']","[25, 25]","[0.0, 22.0]"
gavrilovic.ch,Gavrilovic,CH,NEW_BATCH_JENKINS,2025-11-28,[167],['Companies from Jenkins'],[25],[0.0]
gb-tech.ch,GB-Tech,CH,NEW_BATCH_JENKINS,2025-11-27,[167],['Companies from Jenkins'],[25],[0.0]
gehring-partner.de,Gehring & Partner,DE,NEW_BATCH,2025-06-24,"[32, 153]","['Professional Services', 'Tax Advisors']","[25, 25]","[0.0, 32.0]"
genetec.com,TOP Gene Technologies,CA,NEW_BATCH_MANUAL,2025-12-04,[25],['Medical Equipment and Supplies'],[25],[0.0]
genoverde.com,Genoverde Biosciences,US,NEW_BATCH_MANUAL,2025-10-10,[167],['Companies from Jenkins'],[25],[0.0]
geo4me.ch,Bureau technique GéoDranse,CH,NEW_BATCH_JENKINS,2025-11-27,[167],['Companies from Jenkins'],[25],[0.0]
ghpartner.de,Guerdan Hatzel & Partner Wirtschaftsprüfer  Steuerberater,DE,NEW_BATCH,2025-06-24,"[32, 153]","['Professional Services', 'Tax Advisors']","[25, 25]","[0.0, 32.0]"
giammarino.ch,Giammarino & Fils,CH,NEW_BATCH_JENKINS,2025-11-27,[167],['Companies from Jenkins'],[25],[0.0]
glasmax.ch,glasMax,CH,NEW_BATCH_JENKINS,2025-11-27,[167],['Companies from Jenkins'],[25],[0.0]
gleetopia.com,Gleetopia,US,NEW_BATCH,2025-01-04,[22],['Insurance Brokers'],[25],[0.0]
globalpatentsolutions.com,Biotech - Healthcare - Life Sciences,US,NEW_BATCH_MANUAL,2025-10-10,[167],['Companies from Jenkins'],[25],[0.0]
glslab.com,Great Lakes Scientific,US,NEW_BATCH_MANUAL,2025-12-09,[214],['Medtech Services 3'],[25],[0.0]
gm7comptabilite.ch,GM7 Comptabilité & Assurances,CH,NEW_BATCH_JENKINS,2025-11-28,[167],['Companies from Jenkins'],[25],[0.0]
gms.ca,GMS,CA,NEW_BATCH,2025-06-24,[30],['P&C and Reinsurance'],[25],[0.0]
gngoodnutrition.com,GN Good Nutrition,MY,NEW_BATCH_MANUAL,2025-10-10,[167],['Companies from Jenkins'],[25],[0.0]
goldenberg-immobilien.ch,Goldenberg Immobilien,CH,NEW_BATCH_JENKINS,2025-11-27,[167],['Companies from Jenkins'],[25],[0.0]
goldenwealthmgmt.com,Golden Wealth,US,NEW_BATCH,2025-01-04,[22],['Insurance Brokers'],[25],[0.0]
goldstarmed.com,Goldstar Medical Instruments,PK,NEW_BATCH_MANUAL,2025-12-04,"[25, 214]","['Medical Equipment and Supplies', 'Medtech Services 3']","[25, 25]","[0.0, 0.0]"
goodpharmaceutical.com,Good Pharmaceutical,SG,NEW_BATCH_MANUAL,2025-10-10,[167],['Companies from Jenkins'],[25],[0.0]
gra-no.ch,Granò,CH,NEW_BATCH_JENKINS,2025-11-27,[167],['Companies from Jenkins'],[25],[0.0]
granunutzfahrzeuge.ch,GRANU Nutzfahrzeuge,CH,NEW_BATCH_JENKINS,2025-11-27,[167],['Companies from Jenkins'],[25],[0.0]
greensys.ch,greenSys,CH,NEW_BATCH_JENKINS,2025-11-27,[167],['Companies from Jenkins'],[25],[0.0]
gribbohmer.de,Gribbohmer Versicherungsdienst,DE,NEW_BATCH,2025-06-24,"[22, 152]","['Insurance Brokers', 'Mixed Clients']","[25, 25]","[0.0, 22.0]"
grischa-kaelte.ch,Grischa Projekt,CH,NEW_BATCH_JENKINS,2025-11-27,[167],['Companies from Jenkins'],[25],[0.0]
groupe-t2i.com,Groupe T2i Suisse,CH,NEW_BATCH_JENKINS,2025-11-27,[167],['Companies from Jenkins'],[25],[0.0]
grp.ch,Idencom,CH,NEW_BATCH_JENKINS,2025-11-27,[167],['Companies from Jenkins'],[25],[0.0]
gynelang.ch,Gyné Lang,CH,NEW_BATCH_JENKINS,2025-11-27,[167],['Companies from Jenkins'],[25],[0.0]
haneke.de,HANEKE Software,DE,NEW_BATCH_DATAQA,2025-12-21,[178],['Egovernment / GovTech'],[25],[21.0]
hapila.de,HAPILA,DE,NEW_BATCH_MANUAL,2025-10-10,[167],['Companies from Jenkins'],[25],[0.0]
hardingfp.com,Harding Financial Partners,US,NEW_BATCH,2025-01-04,[22],['Insurance Brokers'],[25],[0.0]
harraspharma.de,HPC Harras Pharma Curarina,CH,NEW_BATCH_JENKINS,2025-11-27,[167],['Companies from Jenkins'],[25],[0.0]
harvestinvestment.de,Harvest Investment Solutions,CH,NEW_BATCH_JENKINS,2025-11-28,[167],['Companies from Jenkins'],[25],[0.0]
harveyinvestment.com,Harvey Investment Company,US,NEW_BATCH,2025-08-08,[41],['Wealth Management / Brokerage'],[10],[0.0]
hauswart-reinigung.ch,BA Gebäudemanagement,CH,NEW_BATCH_JENKINS,2025-11-27,[167],['Companies from Jenkins'],[25],[0.0]
haute-sorne.ch,Shop St-Hubert,CH,NEW_BATCH_JENKINS,2025-11-27,[167],['Companies from Jenkins'],[25],[0.0]
hawel.com,Dr. Dr. Hawel Wirtschaftstreuhand Steuerberatung,AT,NEW_BATCH_DATAQA,2025-10-22,[153],['Tax Advisors'],[25],[32.0]
hbkiv.de,"Schülerwohnheim Hamborner Bildungs-, Kultur- und Integrationsverein e.V.",DE,NEW_BATCH_MANUAL,2025-12-11,"[18, 179]","['Healthcare Providers', 'Child and Youth Welfare']","[3, 3]","[0.0, 18.0]"
hbwadvisory.com,HBW Advisory Services,US,NEW_BATCH,2025-08-08,[41],['Wealth Management / Brokerage'],[10],[0.0]
healthniture.com,HEALTHNITURE,IT,NEW_BATCH_MANUAL,2025-12-04,[25],['Medical Equipment and Supplies'],[25],[0.0]
healthwing.fi,H&W Biotech,FI,NEW_BATCH_MANUAL,2025-10-10,[167],['Companies from Jenkins'],[25],[0.0]
heidelberg-pharma.com,Heidelberg Pharma,DE,NEW_BATCH_MANUAL,2025-10-10,[167],['Companies from Jenkins'],[25],[0.0]
heise-apps.de,Praxis Dr. Voll,DE,NEW_BATCH_JENKINS,2025-12-02,"[18, 125]","['Healthcare Providers', 'Dentists']","[3, 3]","[0.0, 18.0]"
heizung-frey.net,Hans Frey,DE,NEW_BATCH_DATAQA,2025-11-17,"[23, 171]","['Construction Services', 'HVAC and Plumbing']","[250, 250]","[0.0, 23.0]"
heizungsbau-nord.de,Heizungsbau-Nord Bruhn,DE,NEW_BATCH_DATAQA,2025-11-16,"[23, 171]","['Construction Services', 'HVAC and Plumbing']","[250, 250]","[0.0, 23.0]"
helbling-landtechnik.ch,Helbling Landtechnik,CH,NEW_BATCH_JENKINS,2025-11-27,[167],['Companies from Jenkins'],[25],[0.0]
helvetica-power.org,HELVETICA POWER,CH,NEW_BATCH_JENKINS,2025-11-27,[167],['Companies from Jenkins'],[25],[0.0]
hemelinger-apotheke.de,Hemelinger Apotheke,DE,NEW_BATCH_MANUAL,2025-10-10,[167],['Companies from Jenkins'],[25],[0.0]
henlez.com,Henlez,DK,NEW_BATCH_MANUAL,2025-10-10,[167],['Companies from Jenkins'],[25],[0.0]
herbnutritionals.com,Herb Nutritionals,CN,NEW_BATCH_MANUAL,2025-10-10,[167],['Companies from Jenkins'],[25],[0.0]
herrindrug.com,Herrin Drug,US,NEW_BATCH_MANUAL,2025-10-10,[167],['Companies from Jenkins'],[25],[0.0]
hersberger-revi.ch,Hersberger Revisionsgesellschaft,CH,NEW_BATCH,2025-09-08,"[32, 145]","['Professional Services', 'Accounting Services']","[25, 25]","[0.0, 32.0]"
hertli-autoelektro.ch,Hanspeter Hertli,CH,NEW_BATCH_JENKINS,2025-11-27,[167],['Companies from Jenkins'],[25],[0.0]
hilbert.group,Hilbert,MT,NEW_BATCH,2024-11-25,"[97, 154]","['Alternative Asset Management', 'Alternative Asset Management - Other']","[25, 25]","[0.0, 97.0]"
hillislandfinancial.com,Hill Island Financial,US,NEW_BATCH,2025-08-11,[41],['Wealth Management / Brokerage'],[10],[0.0]
hochuli-partner.ch,Hochuli Services,CH,NEW_BATCH_JENKINS,2025-11-27,[167],['Companies from Jenkins'],[25],[0.0]
hoefner-apotheke.ch,BookOfFisi Ochsner,CH,NEW_BATCH_JENKINS,2025-11-27,[167],['Companies from Jenkins'],[25],[0.0]
hofbauer-stb.at,Mag. Petra Bettina Hofbauer,AT,NEW_BATCH_DATAQA,2025-10-24,[153],['Tax Advisors'],[25],[32.0]
hosketulen.com,Hosket Ulen,US,NEW_BATCH,2025-01-05,[22],['Insurance Brokers'],[25],[0.0]
hospitec.ch,Hospitec,CH,NEW_BATCH_JENKINS,2025-11-27,[213],['Medtech Services 2'],[25],[0.0]
hospiz-meppen.de,Hospiz-Hilfe Meppen,DE,NEW_BATCH_DATAQA,2025-10-18,"[18, 168]","['Healthcare Providers', 'Palliative Care']","[3, 3]","[0.0, 18.0]"
hospizstuhr.de,Hospizverein Stuhr,DE,NEW_BATCH_DATAQA,2025-10-18,"[18, 168]","['Healthcare Providers', 'Palliative Care']","[3, 3]","[0.0, 18.0]"
hostettler-mode.ch,Hostettler Mode,CH,NEW_BATCH_JENKINS,2025-11-27,[167],['Companies from Jenkins'],[25],[0.0]
hp-installationen.de,Helmut Poessnecker Installationen,DE,NEW_BATCH_DATAQA,2025-12-11,"[23, 171]","['Construction Services', 'HVAC and Plumbing']","[250, 250]","[0.0, 23.0]"
hpeirl.com,HPE Ireland,0,NEW_BATCH_MANUAL,2025-10-10,[167],['Companies from Jenkins'],[25],[0.0]
hpup.de,"Hachenberg, Pospich & Partner",DE,NEW_BATCH,2025-07-03,"[32, 153]","['Professional Services', 'Tax Advisors']","[25, 25]","[0.0, 32.0]"
hsp-ag.ch,"hsp - Hodler, Santschi & Partner",CH,NEW_BATCH_JENKINS,2025-11-27,[167],['Companies from Jenkins'],[25],[0.0]
hugentobler-gartenbau.ch,Hugentobler Gartenbau,CH,NEW_BATCH_JENKINS,2025-11-27,[167],['Companies from Jenkins'],[25],[0.0]
hugojacobs.ch,Hugo Jacobs Malergeschäft,CH,NEW_BATCH_JENKINS,2025-11-27,[167],['Companies from Jenkins'],[25],[0.0]
hunstiger.de,Hunstiger Brillenmoden,DE,NEW_BATCH,2025-06-24,"[37, 121]","['Specialty Retailers', 'Opticians']","[3, 3]","[0.0, 37.0]"
ibispharma.com,IBIS Pharma,EG,NEW_BATCH_MANUAL,2025-10-10,[167],['Companies from Jenkins'],[25],[0.0]
ibscapital.com,IBS Capital,US,NEW_BATCH,2025-08-11,[41],['Wealth Management / Brokerage'],[10],[0.0]
icetech.ch,ICE Technologies,CH,NEW_BATCH_JENKINS,2025-11-27,[167],['Companies from Jenkins'],[25],[0.0]
icomsaludips.com,Icomsalud,CO,NEW_BATCH,2024-11-25,"[97, 154]","['Alternative Asset Management', 'Alternative Asset Management - Other']","[25, 25]","[0.0, 97.0]"
ihr-zahnarzt-stuttgart.de,Praxis von Stetten,DE,NEW_BATCH_JENKINS,2025-12-02,"[18, 125]","['Healthcare Providers', 'Dentists']","[3, 3]","[0.0, 18.0]"
ihre-gesundheit.ch,Naturheilpraxis Wenger,CH,NEW_BATCH_JENKINS,2025-11-27,[167],['Companies from Jenkins'],[25],[0.0]
ikpartners.com,IK Investment Partners,DK,MIGRATION,2024-09-29,"[97, 113]","['Alternative Asset Management', 'Private Equity']","[25, 25]","[0.0, 97.0]"
imaginefinancial.net,Imagine Financial,US,NEW_BATCH,2025-01-06,[22],['Insurance Brokers'],[25],[0.0]
immo-bm.ch,Bruno Meier Immobilien,CH,NEW_BATCH_JENKINS,2025-11-27,[167],['Companies from Jenkins'],[25],[0.0]
immodyrag.ch,IMMO DYR,CH,NEW_BATCH_JENKINS,2025-11-27,[167],['Companies from Jenkins'],[25],[0.0]
imsec.ac.in,Biotechnology IMSEC,IN,NEW_BATCH_MANUAL,2025-10-10,[167],['Companies from Jenkins'],[25],[0.0]
imz-treuhand.ch,Wizima Treuhand,CH,NEW_BATCH_JENKINS,2025-11-27,[167],['Companies from Jenkins'],[25],[0.0]
ingos-tierfreund.de,Ingo's Tierfreund,DE,NEW_BATCH,2025-03-08,"[37, 131]","['Specialty Retailers', 'Pet Shops']","[3, 3]","[0.0, 37.0]"
ingredienzabern.ch,Ingredienza GmbH der Laden,CH,NEW_BATCH_JENKINS,2025-11-27,[167],['Companies from Jenkins'],[25],[0.0]
innosignbio.com,InnoSIGN,0,NEW_BATCH_MANUAL,2025-10-10,[167],['Companies from Jenkins'],[25],[0.0]
insighters.cz,Insighters,CZ,NEW_BATCH,2024-11-27,[32],['Professional Services'],[25],[0.0]
insurancecataleya.com,Cataleya,US,NEW_BATCH,2024-12-30,[22],['Insurance Brokers'],[25],[0.0]
insuranceking.com,Insurance King,US,NEW_BATCH,2025-01-06,[22],['Insurance Brokers'],[25],[0.0]
interrisk.pl,InterRisk,PL,NEW_BATCH,2024-12-16,[30],['P&C and Reinsurance'],[25],[0.0]
intersys.ch,Intersys Holding,CH,NEW_BATCH_JENKINS,2025-11-27,[167],['Companies from Jenkins'],[25],[0.0]
irba.co.za,The Independent Regulatory Board for Auditors,ZA,NEW_BATCH,2025-06-24,[32],['Professional Services'],[25],[0.0]
isec.ch,ISEC,CH,NEW_BATCH_JENKINS,2025-11-27,[167],['Companies from Jenkins'],[25],[0.0]
ispe.ru,ISPE Eurasian Economic Union Affiliate,RU,NEW_BATCH_MANUAL,2025-10-10,[167],['Companies from Jenkins'],[25],[0.0]
jacquesdurand.com,JACQUES DURAND OCCHIALI,IT,NEW_BATCH_MANUAL,2025-12-04,[25],['Medical Equipment and Supplies'],[25],[0.0]
jenere.com,Jenere Sales,CA,NEW_BATCH_MANUAL,2025-10-10,[167],['Companies from Jenkins'],[25],[0.0]
jenfotoart.ch,Jennifer Graber Fotografie & Coaching,CH,NEW_BATCH_JENKINS,2025-11-27,[167],['Companies from Jenkins'],[25],[0.0]
josefzholi.ch,Josef Zholi,CH,NEW_BATCH_JENKINS,2025-11-27,[167],['Companies from Jenkins'],[25],[0.0]
jostores.ch,JoStores,CH,NEW_BATCH_JENKINS,2025-11-27,[167],['Companies from Jenkins'],[25],[0.0]
jp-steuerberatung.de,JP Steuerberatungsgesellschaft,DE,NEW_BATCH,2025-06-24,"[32, 153]","['Professional Services', 'Tax Advisors']","[25, 25]","[0.0, 32.0]"
jriva.com,Jrivera,US,NEW_BATCH,2025-01-09,[22],['Insurance Brokers'],[25],[0.0]
jssresearch.com,JSS Medical Research,CA,NEW_BATCH,2025-07-07,"[158, 214]","['Commercialization', 'Medtech Services 3']","[25, 25]","[157.0, 0.0]"
judith-gmbh.de,Judith,DE,NEW_BATCH_DATAQA,2025-11-20,"[23, 172]","['Construction Services', 'Energy Renovation Consulting']","[250, 250]","[0.0, 23.0]"
julnar-hc.com,Julnar healthcare,SA,NEW_BATCH_MANUAL,2025-10-10,[167],['Companies from Jenkins'],[25],[0.0]
junik-gartenbau.ch,Junik Gartenbau,CH,NEW_BATCH_JENKINS,2025-11-27,[167],['Companies from Jenkins'],[25],[0.0]
juvaplus.com,Juvaplus,CH,NEW_BATCH_MANUAL,2025-12-04,[25],['Medical Equipment and Supplies'],[25],[0.0]
kaefer-kaefer.de,Kaefer & Kaefer Steuerberater Wirtschaftsprüfer,DE,NEW_BATCH,2025-06-24,"[32, 153]","['Professional Services', 'Tax Advisors']","[25, 25]","[0.0, 32.0]"
kaeufer-versicherungsmakler.de,Kaeufer,DE,NEW_BATCH,2024-11-26,"[22, 152]","['Insurance Brokers', 'Mixed Clients']","[25, 25]","[0.0, 22.0]"
kastra.ch,Kastra,CH,NEW_BATCH_JENKINS,2025-11-27,[167],['Companies from Jenkins'],[25],[0.0]
kaufmanrossin.com,Kaufman Rossin,US,NEW_BATCH,2025-06-24,[32],['Professional Services'],[25],[0.0]
kdzug.ch,KD Zug-Treuhand,CH,NEW_BATCH,2025-09-08,"[32, 145]","['Professional Services', 'Accounting Services']","[25, 25]","[0.0, 32.0]"
keevilyworkcomp.com,Keevily Spero Whitelaw,US,NEW_BATCH,2025-06-24,[30],['P&C and Reinsurance'],[25],[0.0]
kellenberger-olten.ch,Kellenberger Schliesstechnik,CH,NEW_BATCH_JENKINS,2025-11-27,[167],['Companies from Jenkins'],[25],[0.0]
keller-motos.ch,Werner Keller AG Motos und Zubehör,CH,NEW_BATCH_JENKINS,2025-11-27,[167],['Companies from Jenkins'],[25],[0.0]
kempfmetallbau.ch,Kempf Metallbau,CH,NEW_BATCH_JENKINS,2025-11-27,[167],['Companies from Jenkins'],[25],[0.0]
kfkb.se,Teknologsektionen för Bioteknik samt Kemiteknik med fysik,SE,NEW_BATCH_MANUAL,2025-10-10,[167],['Companies from Jenkins'],[25],[0.0]
kfo-dr-staub.de,Dr. Barbara Staub,DE,NEW_BATCH_JENKINS,2025-12-02,"[18, 125]","['Healthcare Providers', 'Dentists']","[3, 3]","[0.0, 18.0]"
kfo-wessel.de,Kieferorthopädie Wessel,DE,NEW_BATCH_JENKINS,2025-12-02,"[18, 125]","['Healthcare Providers', 'Dentists']","[3, 3]","[0.0, 18.0]"
kieferchirurgie-wolfsburg.de,Oral & Kieferchirurgie Wolfsburg,DE,NEW_BATCH_JENKINS,2025-12-02,"[18, 125]","['Healthcare Providers', 'Dentists']","[3, 3]","[0.0, 18.0]"
kieferdocs.de,KieferDocs,DE,NEW_BATCH_JENKINS,2025-12-02,"[18, 125]","['Healthcare Providers', 'Dentists']","[3, 3]","[0.0, 18.0]"
kienberger-fensterbau.ch,"Kienberger, Fensterbau & Schreinerei",CH,NEW_BATCH_JENKINS,2025-11-27,[167],['Companies from Jenkins'],[25],[0.0]
kinesiologie-bien-avec-soi.ch,"Cabinet de kinésiologie -Bien avec soi-, Carole Cordey",CH,NEW_BATCH_JENKINS,2025-11-27,[167],['Companies from Jenkins'],[25],[0.0]
kipferhuber.ch,Matthias Huber,CH,NEW_BATCH_JENKINS,2025-11-27,[167],['Companies from Jenkins'],[25],[0.0]
kjf-wuppertal.de,Ev. Kinder-Jugend- und Familienhilfe Kinderheim Wuppertal,DE,NEW_BATCH_MANUAL,2025-12-11,"[18, 179]","['Healthcare Providers', 'Child and Youth Welfare']","[3, 3]","[0.0, 18.0]"
klaus-groth-apotheke.de,Klaus Groth Apotheke,DE,NEW_BATCH_MANUAL,2025-10-10,[167],['Companies from Jenkins'],[25],[0.0]
klavierhandwerk.ch,Klavierhandwerk Raphael Carnal,CH,NEW_BATCH_JENKINS,2025-11-27,[167],['Companies from Jenkins'],[25],[0.0]
klein-engineering.ch,Klein Engineering,CH,NEW_BATCH_JENKINS,2025-11-27,[167],['Companies from Jenkins'],[25],[0.0]
kleverlab.eu,KleverLab,PL,NEW_BATCH_MANUAL,2025-10-10,[167],['Companies from Jenkins'],[25],[0.0]
klinik-prof-schedel.de,Klinik Prof. Schedel,DE,NEW_BATCH,2025-07-17,"[18, 127]","['Healthcare Providers', 'Rehabilitation & Therapy']","[3, 3]","[0.0, 18.0]"
klinikum-oberberg.de,Palliativstation am Kreiskrankenhaus Waldbröl GmbH,DE,NEW_BATCH_MANUAL,2025-10-20,"[18, 168]","['Healthcare Providers', 'Palliative Care']","[3, 3]","[0.0, 18.0]"
klinikumdo.de,Klinikum Dortmund,DE,NEW_BATCH_DATAQA,2025-10-18,"[18, 125, 168]","['Healthcare Providers', 'Dentists', 'Palliative Care']","[3, 3, 3]","[0.0, 18.0, 18.0]"
kneer.ch,"Institut Coaching für Coaches, Werner Kneer",CH,NEW_BATCH_JENKINS,2025-11-27,[167],['Companies from Jenkins'],[25],[0.0]
kolping.ch,Kolping Schweiz,CH,NEW_BATCH_JENKINS,2025-11-27,[167],['Companies from Jenkins'],[25],[0.0]
konzept-b2.de,Konzept B2,DE,NEW_BATCH_JENKINS,2025-12-02,"[18, 125]","['Healthcare Providers', 'Dentists']","[3, 3]","[0.0, 18.0]"
kopp-fenster.ch,Kopp Fenster,CH,NEW_BATCH_JENKINS,2025-11-27,[167],['Companies from Jenkins'],[25],[0.0]
kpgcapitalpartners.com,KPG Capital Partners,US,NEW_BATCH,2024-10-23,"[97, 104, 106, 115, 116, 120]","['Alternative Asset Management', 'Commodities', 'Hedge Fund', 'Real Estate', 'Renewable Energy', 'Venture Capital']","[25, 25, 25, 25, 25, 25]","[0.0, 97.0, 97.0, 97.0, 97.0, 97.0]"
kreisreklame.ch,Kreis Reklame,CH,NEW_BATCH_JENKINS,2025-11-27,[167],['Companies from Jenkins'],[25],[0.0]
kreisschule-surbtal.ch,Surbtal Immobilien,CH,NEW_BATCH_JENKINS,2025-11-27,[167],['Companies from Jenkins'],[25],[0.0]
kressibucher-shop.ch,Naturoel,CH,NEW_BATCH_JENKINS,2025-11-27,[167],['Companies from Jenkins'],[25],[0.0]
kriesi-optik-kloten.ch,Kriesi Optik,CH,NEW_BATCH_JENKINS,2025-11-27,[167],['Companies from Jenkins'],[25],[0.0]
kunz-indecor.ch,Kunz Indecor,CH,NEW_BATCH_JENKINS,2025-11-27,[167],['Companies from Jenkins'],[25],[0.0]
kurz-moessner.de,Kurz + Moessner,DE,NEW_BATCH,2025-06-24,"[32, 153]","['Professional Services', 'Tax Advisors']","[25, 25]","[0.0, 32.0]"
kwp.de,KWP Geschäftsfuehrung Wirtschaftsprüfungsgesellschaft,DE,NEW_BATCH,2025-06-24,"[32, 153]","['Professional Services', 'Tax Advisors']","[25, 25]","[0.0, 32.0]"
labelsaffaires.ch,Labels Affaires,CH,NEW_BATCH_JENKINS,2025-11-27,[167],['Companies from Jenkins'],[25],[0.0]
laboratoirelcv.com,Laboratoire LCV,FR,NEW_BATCH_MANUAL,2025-10-10,[167],['Companies from Jenkins'],[25],[0.0]
landbrot-online.de,Landbrotbaeckerei Schnabel,DE,NEW_BATCH,2025-07-03,"[34, 87]","['Retailing - Food', 'Bakeries']","[3, 3]","[0.0, 34.0]"
lang-partner.at,Lang & Partner Steuerberatung,AT,NEW_BATCH_DATAQA,2025-10-27,[153],['Tax Advisors'],[25],[32.0]
larahaardesign.de,Haardesign LaRa,DE,NEW_BATCH,2025-06-24,[55],['Consumer Products & Services'],[25],[0.0]
lattis.com,Lattis Management,US,NEW_BATCH,2025-08-10,[41],['Wealth Management / Brokerage'],[10],[0.0]
lbforsikring.dk,LB Forsikring,DK,NEW_BATCH,2024-12-22,[30],['P&C and Reinsurance'],[25],[0.0]
lebens-art.li,LebensArt Plüss,CH,NEW_BATCH_JENKINS,2025-11-27,[167],['Companies from Jenkins'],[25],[0.0]
lebenshilfe-barnim.de,gGmbH „Lebenshilfe“ Wohnstätten Barnim,DE,NEW_BATCH_MANUAL,2025-12-10,"[18, 179]","['Healthcare Providers', 'Child and Youth Welfare']","[3, 3]","[0.0, 18.0]"
lecazard.ch,Foyer Unioniste de Lausanne-Le Cazard,CH,NEW_BATCH_JENKINS,2025-11-27,[167],['Companies from Jenkins'],[25],[0.0]
leloftcoiffure.ch,"Le Loft Beauty Center, Fernandes",CH,NEW_BATCH_JENKINS,2025-11-28,[167],['Companies from Jenkins'],[25],[0.0]
leucht-meckel.de,Leucht & Meckel GmbH,DE,NEW_BATCH,2025-06-30,"[32, 153]","['Professional Services', 'Tax Advisors']","[25, 25]","[0.0, 32.0]"
lifestyle-landsberg.de,Lifestyle Salon,DE,NEW_BATCH,2025-06-24,[55],['Consumer Products & Services'],[25],[0.0]
lightcap.co,Light Capital,US,NEW_BATCH,2025-08-10,[41],['Wealth Management / Brokerage'],[10],[0.0]
lizard-health.com,LIZARD Health Technology,DE,NEW_BATCH_MANUAL,2025-12-09,[180],['Medtech Services'],[25],[0.0]
lltcpa.ca,LLT,CA,NEW_BATCH,2025-06-24,[32],['Professional Services'],[25],[0.0]
loewenzahn-harb.de,Zahnarztpraxis Löwenzahn,DE,NEW_BATCH_JENKINS,2025-12-01,"[18, 125]","['Healthcare Providers', 'Dentists']","[3, 3]","[0.0, 18.0]"
logopaedie-seidler.net,Isabella Seidler,AT,NEW_BATCH_DATAQA,2025-10-20,"[32, 153]","['Professional Services', 'Tax Advisors']","[25, 25]","[0.0, 32.0]"
loi-bistro.ch,LOI Invest,CH,NEW_BATCH_JENKINS,2025-11-27,[167],['Companies from Jenkins'],[25],[0.0]
luond.ch,Xaver Lueoend,CH,NEW_BATCH,2025-02-03,"[34, 87]","['Retailing - Food', 'Bakeries']","[3, 3]","[0.0, 34.0]"
luxfer.com,Reade Manufacturing Co,US,NEW_BATCH_MANUAL,2025-10-10,[167],['Companies from Jenkins'],[25],[0.0]
mahlstedt-bau.de,Mahlstedt,DE,NEW_BATCH,2025-02-26,"[37, 121]","['Specialty Retailers', 'Opticians']","[3, 3]","[0.0, 37.0]"
maierbuenterag.ch,Mair Armierungen,CH,NEW_BATCH_JENKINS,2025-11-27,[167],['Companies from Jenkins'],[25],[0.0]
malerhess.ch,Sven Hess Malergeschäft,CH,NEW_BATCH_JENKINS,2025-11-27,[167],['Companies from Jenkins'],[25],[0.0]
mandarin-thaimassage.com,Mandarin Thai Massage Chaisuwan,CH,NEW_BATCH_JENKINS,2025-11-27,[167],['Companies from Jenkins'],[25],[0.0]
mandomarketing.com,M & O Marketing,US,NEW_BATCH,2025-01-06,[22],['Insurance Brokers'],[25],[0.0]
manser-treuhand.ch,Manser Treuhand Chur,CH,NEW_BATCH_JENKINS,2025-11-27,[167],['Companies from Jenkins'],[25],[0.0]
marga-buehrig.ch,Marga Bührig-Stiftung,CH,NEW_BATCH_JENKINS,2025-11-27,[167],['Companies from Jenkins'],[25],[0.0]
marketseguros.com.co,Marketseguros,CO,NEW_BATCH,2024-12-15,[22],['Insurance Brokers'],[25],[0.0]
marrado.ch,Marrado Plattenbeläge,CH,NEW_BATCH_JENKINS,2025-11-27,[167],['Companies from Jenkins'],[25],[0.0]
martyag.com,MARTY Systemtechnik,CH,NEW_BATCH_JENKINS,2025-11-28,[167],['Companies from Jenkins'],[25],[0.0]
masttro.com,Masttro Switzerland,CH,NEW_BATCH_JENKINS,2025-11-27,[167],['Companies from Jenkins'],[25],[0.0]
maxbiopharma.com,MAX BioPharma,US,NEW_BATCH_MANUAL,2025-10-10,[167],['Companies from Jenkins'],[25],[0.0]
mb.bluecross.ca,Blue Cross,CA,NEW_BATCH,2024-12-21,[30],['P&C and Reinsurance'],[25],[0.0]
mcdcap.com,Mcdonald Capital Management,US,NEW_BATCH,2025-08-11,[41],['Wealth Management / Brokerage'],[10],[0.0]
medecin-chexbres.ch,Dr Rafael Meister,CH,NEW_BATCH_MANUAL,2025-11-18,"[18, 170]","['Healthcare Providers', 'General Physicians']","[3, 3]","[0.0, 18.0]"
medentist.de,Zahnarztpraxis Bert Brosowski,DE,NEW_BATCH_JENKINS,2025-12-01,"[18, 125]","['Healthcare Providers', 'Dentists']","[3, 3]","[0.0, 18.0]"
medhair.ch,Medhair Valentina Berisha,CH,NEW_BATCH_JENKINS,2025-11-27,[167],['Companies from Jenkins'],[25],[0.0]
medisativa.mx,Medisativa,MX,NEW_BATCH_MANUAL,2025-10-10,[167],['Companies from Jenkins'],[25],[0.0]
medisleep.co.kr,MEDISLEEP,KR,NEW_BATCH_MANUAL,2025-12-04,[25],['Medical Equipment and Supplies'],[25],[0.0]
mediumsatz.ch,Saxzi,CH,NEW_BATCH_JENKINS,2025-11-27,[167],['Companies from Jenkins'],[25],[0.0]
medniqa.com,Medniqa Pharmaceuticals,IN,NEW_BATCH_MANUAL,2025-10-10,[167],['Companies from Jenkins'],[25],[0.0]
medquimica.ind.br,MedQuímica,BR,NEW_BATCH_MANUAL,2025-10-10,[167],['Companies from Jenkins'],[25],[0.0]
medserve.ch,medServe,CH,NEW_BATCH_JENKINS,2025-11-27,"[25, 167]","['Medical Equipment and Supplies', 'Companies from Jenkins']","[25, 25]","[0.0, 0.0]"
medtechbeeler.ch,MedTech Beeler,CH,NEW_BATCH_JENKINS,2025-11-27,[167],['Companies from Jenkins'],[25],[0.0]
meer.ch,"Meer AG, das Management",CH,NEW_BATCH_JENKINS,2025-11-27,[167],['Companies from Jenkins'],[25],[0.0]
mehrconcepts.ch,mehr concepts,CH,NEW_BATCH_JENKINS,2025-11-27,[167],['Companies from Jenkins'],[25],[0.0]
meingarten-abo.ch,Eric Kilcher Gartengestaltung & Gartenpflege,CH,NEW_BATCH_JENKINS,2025-11-28,[167],['Companies from Jenkins'],[25],[0.0]
melfu.cn,Suzhou Melfu Biotechnology,CN,NEW_BATCH_MANUAL,2025-10-10,[167],['Companies from Jenkins'],[25],[0.0]
melknigg.ch,Melk Nigg Architects,CH,NEW_BATCH_JENKINS,2025-11-27,[167],['Companies from Jenkins'],[25],[0.0]
membrapure.de,PMA Purification Membranes Analytics,DE,NEW_BATCH_MANUAL,2025-12-04,[25],['Medical Equipment and Supplies'],[25],[0.0]
mentha.ch,Global Invest Ressources,CH,NEW_BATCH_JENKINS,2025-11-27,[167],['Companies from Jenkins'],[25],[0.0]
merlinbio.com.cn,Merlin Biomedical (Xiamen),CN,NEW_BATCH_MANUAL,2025-12-04,"[25, 157]","['Medical Equipment and Supplies', 'Pharma Services']","[25, 25]","[0.0, 0.0]"
metzgerei-schulthess.ch,Metzgerei Schulthess,CH,NEW_BATCH_JENKINS,2025-11-27,[167],['Companies from Jenkins'],[25],[0.0]
mfpglobal.com,Mfp Global Services,US,NEW_BATCH,2025-01-11,[22],['Insurance Brokers'],[25],[0.0]
michaelsven.com,MICHAEL SVEN,CH,NEW_BATCH_JENKINS,2025-11-27,[167],['Companies from Jenkins'],[25],[0.0]
midding.de,Midding & Partner Steuerberatungsgesellschaft,DE,NEW_BATCH,2025-06-24,"[32, 153]","['Professional Services', 'Tax Advisors']","[25, 25]","[0.0, 32.0]"
mipsalus.dk,MipSalus,DK,NEW_BATCH_MANUAL,2025-10-10,[167],['Companies from Jenkins'],[25],[0.0]
mirath.com,Mirath,AE,NEW_BATCH,2024-11-25,"[97, 120, 154]","['Alternative Asset Management', 'Venture Capital', 'Alternative Asset Management - Other']","[25, 25, 25]","[0.0, 97.0, 97.0]"
mkg-forchheim.de,MKG Forchheim,DE,NEW_BATCH_JENKINS,2025-12-01,"[18, 125]","['Healthcare Providers', 'Dentists']","[3, 3]","[0.0, 18.0]"
mkg-muehlhausen.de,MKG Chirurgie Mühlhausen,DE,NEW_BATCH_JENKINS,2025-12-02,"[18, 125]","['Healthcare Providers', 'Dentists']","[3, 3]","[0.0, 18.0]"
mkg-neuschl.de,Praxis Dr. Dr. Neuschl,DE,NEW_BATCH_JENKINS,2025-12-02,"[18, 125]","['Healthcare Providers', 'Dentists']","[3, 3]","[0.0, 18.0]"
mobile-campingwerkstatt.ch,Campingservice Lüthi,CH,NEW_BATCH_JENKINS,2025-11-28,[167],['Companies from Jenkins'],[25],[0.0]
modgut.com,modgut,TH,NEW_BATCH_MANUAL,2025-10-10,[167],['Companies from Jenkins'],[25],[0.0]
molkerei-neff.ch,Molkerei Brunner,CH,NEW_BATCH_JENKINS,2025-11-27,[167],['Companies from Jenkins'],[25],[0.0]
monere.ch,monere treuhand,CH,NEW_BATCH_JENKINS,2025-11-27,[167],['Companies from Jenkins'],[25],[0.0]
monsatec.ch,Sauter Management,CH,NEW_BATCH_JENKINS,2025-11-27,[167],['Companies from Jenkins'],[25],[0.0]
morgan-lloyd.co.uk,Morgan Lloyd SIPP Services,GB,NEW_BATCH_MANUAL,2025-12-09,[41],['Wealth Management / Brokerage'],[10],[0.0]
moserga.ch,Moser,CH,NEW_BATCH_JENKINS,2025-11-27,[167],['Companies from Jenkins'],[25],[0.0]
mpc.cc,MPC International,LU,NEW_BATCH_MANUAL,2025-12-09,[214],['Medtech Services 3'],[25],[0.0]
msi-immo.ch,MSI Liegenschaftsverwaltung,CH,NEW_BATCH_JENKINS,2025-11-28,[167],['Companies from Jenkins'],[25],[0.0]
muehli.ch,"Werner Inauen, Restaurant Mühli, Matzingen",CH,NEW_BATCH_JENKINS,2025-11-27,[167],['Companies from Jenkins'],[25],[0.0]
mukeshraj.com,Mukesh Raj,IN,NEW_BATCH,2025-06-24,[32],['Professional Services'],[25],[0.0]
murg.ch,Murgsee,CH,NEW_BATCH_JENKINS,2025-11-27,[167],['Companies from Jenkins'],[25],[0.0]
musikhaus-trueb.ch,Musikhaus Trüb,CH,NEW_BATCH_JENKINS,2025-11-27,[167],['Companies from Jenkins'],[25],[0.0]
mw-steuerberatung.at,MW Steuerberatung,AT,NEW_BATCH_DATAQA,2025-10-28,[153],['Tax Advisors'],[25],[32.0]
myeat.ch,Pizza 5 Stelle,CH,NEW_BATCH_JENKINS,2025-11-27,[167],['Companies from Jenkins'],[25],[0.0]
myswissmassage.ch,My Swiss Massage Oumar Wiesli,CH,NEW_BATCH_JENKINS,2025-11-28,[167],['Companies from Jenkins'],[25],[0.0]
natoli-ipo.ch,Natoli Intellectual Property Operations,CH,NEW_BATCH_JENKINS,2025-11-27,[167],['Companies from Jenkins'],[25],[0.0]
netage.ch,Fondation NetAge,CH,NEW_BATCH_JENKINS,2025-11-27,[167],['Companies from Jenkins'],[25],[0.0]
neuechanceberlin.de,Neue Chance gGmbH,DE,NEW_BATCH_MANUAL,2025-12-10,"[18, 179]","['Healthcare Providers', 'Child and Youth Welfare']","[3, 3]","[0.0, 18.0]"
neurovirtual.com,Neurovirtual USA,US,NEW_BATCH_DATAQA,2025-12-03,[25],['Medical Equipment and Supplies'],[25],[0.0]
newriselifescience.com,New Rise Life Science,IN,NEW_BATCH_MANUAL,2025-10-10,[167],['Companies from Jenkins'],[25],[0.0]
nexotx.com,Nexo Therapeutics,US,NEW_BATCH_MANUAL,2025-10-10,[167],['Companies from Jenkins'],[25],[0.0]
nexter.pl,HURTOWNIA WETERYNARYJNO,PL,NEW_BATCH_MANUAL,2025-10-10,[167],['Companies from Jenkins'],[25],[0.0]
nicola-planz.de,Kieferorthopädie Planz,DE,NEW_BATCH_JENKINS,2025-12-02,"[18, 125]","['Healthcare Providers', 'Dentists']","[3, 3]","[0.0, 18.0]"
novaltec.ch,Team Cleaning Service,CH,NEW_BATCH_JENKINS,2025-11-27,[167],['Companies from Jenkins'],[25],[0.0]
nsr-stb.de,nsr Gmbh Steuerberatung,DE,NEW_BATCH,2025-06-24,"[32, 153]","['Professional Services', 'Tax Advisors']","[25, 25]","[0.0, 32.0]"
nuainsurance.com,NUA Insurance Agents & Brokers,BS,NEW_BATCH,2024-12-15,[22],['Insurance Brokers'],[25],[0.0]
nutztiergesundheit-schweiz.ch,Nutztiergesundheit,CH,NEW_BATCH_JENKINS,2025-11-27,[167],['Companies from Jenkins'],[25],[0.0]
oberbergische-apotheke.de,Oberbergische Apotheke,DE,NEW_BATCH_MANUAL,2025-10-10,[167],['Companies from Jenkins'],[25],[0.0]
octobit.ch,Octobit,CH,NEW_BATCH_JENKINS,2025-11-27,[167],['Companies from Jenkins'],[25],[0.0]
ofenland.ch,Ofenland,CH,NEW_BATCH_JENKINS,2025-11-27,[167],['Companies from Jenkins'],[25],[0.0]
oka-tec-ag.com,OKA-Tec,CH,NEW_BATCH_JENKINS,2025-11-27,[167],['Companies from Jenkins'],[25],[0.0]
oliarte.ch,Oliarte,CH,NEW_BATCH_JENKINS,2025-11-27,[167],['Companies from Jenkins'],[25],[0.0]
onchillespharma.com,Onchilles Pharma,US,NEW_BATCH_MANUAL,2025-10-10,[167],['Companies from Jenkins'],[25],[0.0]
oncogene.no,Oncogene,NO,NEW_BATCH_MANUAL,2025-10-10,[167],['Companies from Jenkins'],[25],[0.0]
optik-kleinlosen.de,Optik Kleinlosen,DE,NEW_BATCH,2025-02-26,"[37, 121]","['Specialty Retailers', 'Opticians']","[3, 3]","[0.0, 37.0]"
optik-weiss.de,Optik Weiss,DE,NEW_BATCH,2025-02-26,"[37, 121]","['Specialty Retailers', 'Opticians']","[3, 3]","[0.0, 37.0]"
optik-winner.de,Optik Winner,DE,NEW_BATCH,2025-02-26,"[37, 121]","['Specialty Retailers', 'Opticians']","[3, 3]","[0.0, 37.0]"
optikbauer-riegelsberg.de,Optik Bauer,DE,NEW_BATCH,2025-02-26,"[37, 121]","['Specialty Retailers', 'Opticians']","[3, 3]","[0.0, 37.0]"
optikzellner.de,Optik Zellner,DE,NEW_BATCH,2025-06-24,"[37, 121]","['Specialty Retailers', 'Opticians']","[3, 3]","[0.0, 37.0]"
optimusfamily.com,Optimus Family and Wealth Management,CH,MIGRATION,2024-09-29,[32],['Professional Services'],[25],[0.0]
oriheal.com,Oriheal Lifesciences,IN,NEW_BATCH_MANUAL,2025-10-10,[167],['Companies from Jenkins'],[25],[0.0]
orionpharma.com,Orion Pharma,FI,NEW_BATCH_MANUAL,2025-10-10,[167],['Companies from Jenkins'],[25],[0.0]
ortho-labor.ch,SuperClever Lernclub Michaela Moll,CH,NEW_BATCH_JENKINS,2025-11-27,[167],['Companies from Jenkins'],[25],[0.0]
orthoglauser.ch,Gregory Glauser,CH,NEW_BATCH_JENKINS,2025-11-27,[167],['Companies from Jenkins'],[25],[0.0]
outsetglobal.com,OutSET Global,GB,MIGRATION,2024-09-29,[83],['Institutional Brokerage'],[25],[0.0]
parametricsmedical.com,Parametrics Medical,US,NEW_BATCH_MANUAL,2025-10-10,[167],['Companies from Jenkins'],[25],[0.0]
park-apotheke-arnsberg.de,Park Apotheke,DE,NEW_BATCH_MANUAL,2025-10-10,[167],['Companies from Jenkins'],[25],[0.0]
partnersadvisers.com,Partners Advisers,CH,MIGRATION,2024-09-29,"[97, 154]","['Alternative Asset Management', 'Alternative Asset Management - Other']","[25, 25]","[0.0, 97.0]"
passe-ton-permis.ch,"Passe-ton-permis.ch, Olivier Robert-Tissot",CH,NEW_BATCH_JENKINS,2025-11-27,[167],['Companies from Jenkins'],[25],[0.0]
pathovet.cl,Laboratorio Pathovet,0,NEW_BATCH_MANUAL,2025-10-10,[167],['Companies from Jenkins'],[25],[0.0]
pbtproject.com,PB & T PROJECT,GB,NEW_BATCH_MANUAL,2025-10-10,[167],['Companies from Jenkins'],[25],[0.0]
pc-hilfe-50plus.ch,myit365.ch Dopple,CH,NEW_BATCH_JENKINS,2025-11-27,[167],['Companies from Jenkins'],[25],[0.0]
pectra.ch,Pectra,CH,NEW_BATCH_JENKINS,2025-11-27,[167],['Companies from Jenkins'],[25],[0.0]
peifunds.com,Private Equity Investors,US,NEW_BATCH,2025-08-18,[41],['Wealth Management / Brokerage'],[10],[0.0]
perfuze.com,Perfuze,IE,NEW_BATCH_MANUAL,2025-12-04,[25],['Medical Equipment and Supplies'],[25],[0.0]
personalmagnet.ch,Personal Magnet,CH,NEW_BATCH_JENKINS,2025-11-27,[167],['Companies from Jenkins'],[25],[0.0]
pettable.com,Pettable,US,NEW_BATCH,2025-01-15,[22],['Insurance Brokers'],[25],[0.0]
physiotherapie-flumenthal.ch,Physiotherapie Flumenthal Branislav Milosevic,CH,NEW_BATCH_JENKINS,2025-11-27,[167],['Companies from Jenkins'],[25],[0.0]
piazza-meraviglia.ch,Meraviglia Rümlang,CH,NEW_BATCH_JENKINS,2025-11-27,[167],['Companies from Jenkins'],[25],[0.0]
pilindia.in,PIL-PSYCHOTROPICS INDIA,IN,NEW_BATCH_MANUAL,2025-10-10,[167],['Companies from Jenkins'],[25],[0.0]
pittsburghplastics.com,Pittsburgh Plastics Manufacturing,US,NEW_BATCH_MANUAL,2025-12-09,[214],['Medtech Services 3'],[25],[0.0]
pkt-group.com,Plantation Key Technology,ID,NEW_BATCH_MANUAL,2025-10-10,[167],['Companies from Jenkins'],[25],[0.0]
placetec.ch,PlaceTec,CH,NEW_BATCH_JENKINS,2025-11-27,[167],['Companies from Jenkins'],[25],[0.0]
planr.ch,plan R - Kompetenzzentrum für Konflikte und Aggression,CH,NEW_BATCH_JENKINS,2025-11-28,[167],['Companies from Jenkins'],[25],[0.0]
plantex.ch,Plantex,CH,NEW_BATCH_JENKINS,2025-11-28,[167],['Companies from Jenkins'],[25],[0.0]
planwithm.com,M GROUP,US,NEW_BATCH,2025-08-16,[41],['Wealth Management / Brokerage'],[10],[0.0]
plexis.ch,PLEXIS,CH,NEW_BATCH_JENKINS,2025-11-27,[167],['Companies from Jenkins'],[25],[0.0]
plugandhealth.com,DINDOG TECH,ES,NEW_BATCH_MANUAL,2025-12-04,[25],['Medical Equipment and Supplies'],[25],[0.0]
po-pa.ch,Pohl & Partner Asset Management,CH,NEW_BATCH_JENKINS,2025-11-27,[167],['Companies from Jenkins'],[25],[0.0]
praxis-evident.de,Praxis Evident,DE,NEW_BATCH_JENKINS,2025-12-02,"[18, 125]","['Healthcare Providers', 'Dentists']","[3, 3]","[0.0, 18.0]"
praxis-grundel-mayer.de,Praxis Grundel Mayer,DE,NEW_BATCH_JENKINS,2025-12-02,"[18, 125]","['Healthcare Providers', 'Dentists']","[3, 3]","[0.0, 18.0]"
praxis-meilen.ch,Praxis Eisele International,CH,NEW_BATCH_JENKINS,2025-11-27,[167],['Companies from Jenkins'],[25],[0.0]
praxis-weidenboden.ch,Praxis Weidenboden,CH,NEW_BATCH_MANUAL,2025-11-19,"[18, 170]","['Healthcare Providers', 'General Physicians']","[3, 3]","[0.0, 18.0]"
praxis-wuerden.de,Zahnärztliche Gemeinschaftspraxis Patricia Würden & Heike Köhler,DE,NEW_BATCH_JENKINS,2025-12-02,"[18, 125]","['Healthcare Providers', 'Dentists']","[3, 3]","[0.0, 18.0]"
praxisleutschen.ch,Praxis Leutschen,CH,NEW_BATCH_MANUAL,2025-11-19,"[18, 170]","['Healthcare Providers', 'General Physicians']","[3, 3]","[0.0, 18.0]"
praxismuehlenbeck.de,Mühlenbeck Zahnärzte,DE,NEW_BATCH_JENKINS,2025-12-01,"[18, 125]","['Healthcare Providers', 'Dentists']","[3, 3]","[0.0, 18.0]"
praxissauerzweig.de,Dr. med. Volker Sauerzweig,DE,NEW_BATCH_JENKINS,2025-12-01,"[18, 125]","['Healthcare Providers', 'Dentists']","[3, 3]","[0.0, 18.0]"
prematic.ch,Prematic,CH,NEW_BATCH_JENKINS,2025-11-28,[167],['Companies from Jenkins'],[25],[0.0]
prescouter.com,PreScouter,US,NEW_BATCH_MANUAL,2025-12-04,[214],['Medtech Services 3'],[25],[0.0]
proaxsis.com,ProAxsis,GB,NEW_BATCH_MANUAL,2025-10-10,[167],['Companies from Jenkins'],[25],[0.0]
procap-sga.ch,Procap St.Gallen-Appenzell,CH,NEW_BATCH_JENKINS,2025-11-27,[167],['Companies from Jenkins'],[25],[0.0]
promotec.com.co,Promotec,CO,NEW_BATCH,2024-12-15,[22],['Insurance Brokers'],[25],[0.0]
psychotherapie-saraci.ch,Psychotherapie Saraci,CH,NEW_BATCH_JENKINS,2025-11-27,[167],['Companies from Jenkins'],[25],[0.0]
puntodibellezza.ch,Punto di Bellezza,CH,NEW_BATCH_JENKINS,2025-11-27,[167],['Companies from Jenkins'],[25],[0.0]
pva.at,PVA Private Vorsorge,AT,NEW_BATCH,2024-11-26,[22],['Insurance Brokers'],[25],[0.0]
qdata.info,qData,CH,NEW_BATCH_JENKINS,2025-11-27,[167],['Companies from Jenkins'],[25],[0.0]
qprotyn.com,Qprotyn,US,NEW_BATCH_MANUAL,2025-10-10,[167],['Companies from Jenkins'],[25],[0.0]
qualitylabs.cl,Quality Labs,CL,NEW_BATCH_MANUAL,2025-10-10,[167],['Companies from Jenkins'],[25],[0.0]
radiant.co.rw,Radiant,RW,NEW_BATCH,2024-12-16,[30],['P&C and Reinsurance'],[25],[0.0]
raxtechnology.com,Rax Technology,CA,NEW_BATCH_MANUAL,2025-10-10,[167],['Companies from Jenkins'],[25],[0.0]
rcsadvisor.com,Retirement Capital Strategies,US,NEW_BATCH,2025-08-15,[41],['Wealth Management / Brokerage'],[10],[0.0]
realstargroup.com,Realstar,GB,NEW_BATCH_DATAQA,2025-11-02,"[32, 153]","['Professional Services', 'Tax Advisors']","[25, 25]","[0.0, 32.0]"
reengagetx.com,ReEngage Therapeutics,US,NEW_BATCH_MANUAL,2025-10-10,[167],['Companies from Jenkins'],[25],[0.0]
regenage.ro,Regenage Pharma Laboratoires,RO,NEW_BATCH_MANUAL,2025-10-10,[167],['Companies from Jenkins'],[25],[0.0]
rehamedpower.de,REHAMEDPOWER,DE,NEW_BATCH_DATAQA,2025-12-05,[25],['Medical Equipment and Supplies'],[25],[0.0]
rel-steuer.de,Rueger Endlich Leutz Steuerberatungsgesellschaft,DE,NEW_BATCH,2025-06-24,"[32, 153]","['Professional Services', 'Tax Advisors']","[25, 25]","[0.0, 32.0]"
remedytechnologies.eu,REMEDY TECHNOLOGIES,IT,NEW_BATCH_DATAQA,2025-12-03,[25],['Medical Equipment and Supplies'],[25],[0.0]
remmers-backstube.de,Bäckerei Remmers,DE,NEW_BATCH,2025-07-03,"[34, 87]","['Retailing - Food', 'Bakeries']","[3, 3]","[0.0, 34.0]"
rep-center.ch,ReparaturCenter Bruno Stadelmann,CH,NEW_BATCH_JENKINS,2025-11-27,[167],['Companies from Jenkins'],[25],[0.0]
reparatur-werk.ch,Reparatur Werk,CH,NEW_BATCH_JENKINS,2025-11-27,[167],['Companies from Jenkins'],[25],[0.0]
researchamericainc.com,Research America,US,NEW_BATCH,2024-11-27,[32],['Professional Services'],[25],[0.0]
retero.ch,RETERO,CH,NEW_BATCH_JENKINS,2025-11-27,[167],['Companies from Jenkins'],[25],[0.0]
rettenmaier.uk,Rettenmaier UK,GB,NEW_BATCH_MANUAL,2025-10-10,[167],['Companies from Jenkins'],[25],[0.0]
revamp-it.ch,RevAmp Hotel Technologies,CH,NEW_BATCH_JENKINS,2025-11-27,[167],['Companies from Jenkins'],[25],[0.0]
revee.it,REVEE,IT,NEW_BATCH_MANUAL,2025-12-04,[25],['Medical Equipment and Supplies'],[25],[0.0]
rhcontabilidade.com.br,RH Contabilidade,BR,NEW_BATCH,2025-06-24,[32],['Professional Services'],[25],[0.0]
rheinprecision.com,Rhein Precision,US,NEW_BATCH_MANUAL,2025-12-09,[214],['Medtech Services 3'],[25],[0.0]
rheuma-eisen-zentrum.ch,Kerl-Skurka Amalia-Iren,CH,NEW_BATCH_MANUAL,2025-11-19,"[18, 170]","['Healthcare Providers', 'General Physicians']","[3, 3]","[0.0, 18.0]"
rhex.ch,Rhex,CH,NEW_BATCH_JENKINS,2025-11-27,[167],['Companies from Jenkins'],[25],[0.0]
richter-feierabend.de,Dr. med. dent. Ulrike Angela Richter-Feierabend,DE,NEW_BATCH_JENKINS,2025-12-01,"[18, 125]","['Healthcare Providers', 'Dentists']","[3, 3]","[0.0, 18.0]"
richter-steuer.de,Sozietat Richter und Partner,DE,NEW_BATCH,2025-06-24,"[32, 153]","['Professional Services', 'Tax Advisors']","[25, 25]","[0.0, 32.0]"
rickinger-dresden.de,Rickinger,DE,NEW_BATCH_DATAQA,2025-10-29,"[23, 169]","['Construction Services', 'Technical Building Services']","[250, 250]","[0.0, 23.0]"
rigibohr.ch,Rigibohr,CH,NEW_BATCH_JENKINS,2025-11-27,[167],['Companies from Jenkins'],[25],[0.0]
rima-bauleistungen.ch,RIMA Bauleistungen,CH,NEW_BATCH_JENKINS,2025-11-27,[167],['Companies from Jenkins'],[25],[0.0]
ringieraxelspringer.pl,United Classifieds Holding,CH,NEW_BATCH_JENKINS,2025-11-27,[167],['Companies from Jenkins'],[25],[0.0]
ripethinking.co.uk,Ripe Thinking,GB,NEW_BATCH,2024-11-27,[30],['P&C and Reinsurance'],[25],[0.0]
riseins.com,Rise,US,NEW_BATCH,2025-01-17,[22],['Insurance Brokers'],[25],[0.0]
riskbrokersolutions.co.za,Risk Broker Solutions,ZA,NEW_BATCH,2024-12-15,[22],['Insurance Brokers'],[25],[0.0]
ristoranteilsalento.ch,Il Salento Gastro,CH,NEW_BATCH_JENKINS,2025-11-28,[167],['Companies from Jenkins'],[25],[0.0]
ristorantepizzerialafortuna.ch,SNACK BAR PIZZERIA LA FORTUNA DI CONCONI MICHELA,CH,NEW_BATCH_JENKINS,2025-11-27,[167],['Companies from Jenkins'],[25],[0.0]
riveraintech.com,Riverain Technologies,US,NEW_BATCH_MANUAL,2025-12-04,[25],['Medical Equipment and Supplies'],[25],[0.0]
robertweiss.ch,Robert Weiss Consulting,CH,NEW_BATCH_JENKINS,2025-11-27,[167],['Companies from Jenkins'],[25],[0.0]
robiotec.com,Robiotec,US,NEW_BATCH_MANUAL,2025-10-10,[167],['Companies from Jenkins'],[25],[0.0]
roburis.ch,roburis consulting,CH,NEW_BATCH_JENKINS,2025-11-27,[167],['Companies from Jenkins'],[25],[0.0]
roncalli-apotheke-bonn.de,Roncalli-Apotheke,DE,NEW_BATCH_MANUAL,2025-10-10,[167],['Companies from Jenkins'],[25],[0.0]
rpg.co.uk,RPG,GB,NEW_BATCH,2025-06-24,[32],['Professional Services'],[25],[0.0]
rrv.ch,RR Variationen,CH,NEW_BATCH_JENKINS,2025-11-27,[167],['Companies from Jenkins'],[25],[0.0]
russellstone.co.za,RussellStone,ZA,NEW_BATCH,2024-11-25,"[97, 104, 108, 114, 115, 116, 120]","['Alternative Asset Management', 'Commodities', 'Infrastructure', 'Real Assets', 'Real Estate', 'Renewable Energy', 'Venture Capital']","[25, 25, 25, 25, 25, 25, 25]","[0.0, 97.0, 97.0, 97.0, 97.0, 97.0, 97.0]"
rutschi-partner.ch,Rutschi + Partner,DE,NEW_BATCH_DATAQA,2025-09-16,"[32, 145]","['Professional Services', 'Accounting Services']","[25, 25]","[0.0, 32.0]"
rwdtx.com,Rewind Therapeutics,BE,NEW_BATCH_MANUAL,2025-10-10,[167],['Companies from Jenkins'],[25],[0.0]
rwrwv.com,Rwr Wv,US,NEW_BATCH,2025-01-14,[22],['Insurance Brokers'],[25],[0.0]
ryser-kurier.ch,Ryser-Kurier,CH,NEW_BATCH_JENKINS,2025-11-27,[167],['Companies from Jenkins'],[25],[0.0]
sai-infusion.com,SAI Infusion Technologies,US,NEW_BATCH_MANUAL,2025-12-04,[25],['Medical Equipment and Supplies'],[25],[0.0]
saiinsure.ca,SAI Insurance Services,CA,NEW_BATCH,2024-11-26,[22],['Insurance Brokers'],[25],[0.0]
sail.ch,Beat Lang,CH,NEW_BATCH_JENKINS,2025-11-27,[167],['Companies from Jenkins'],[25],[0.0]
salixservices.com,Salix,CH,NEW_BATCH_JENKINS,2025-11-28,[167],['Companies from Jenkins'],[25],[0.0]
salon-heckel.de,Salon Heckel,DE,NEW_BATCH,2025-07-03,[55],['Consumer Products & Services'],[25],[0.0]
salon-lehr.de,Salon & Boutique Lehr,DE,NEW_BATCH,2025-07-03,[55],['Consumer Products & Services'],[25],[0.0]
salon130a.de,Salon No. 130,DE,NEW_BATCH,2025-07-03,[55],['Consumer Products & Services'],[25],[0.0]
salzmannone.com,SALZMANN ONE,CH,NEW_BATCH_JENKINS,2025-11-27,[167],['Companies from Jenkins'],[25],[0.0]
samplecompany1030.com,Sample Company 1030,DE,NEW_BATCH,2025-07-02,"[155, 156]","['Sample Sector', 'Sample Subsector']","[25, 25]","[0.0, 155.0]"
samplecompany1361.com,Sample Company 1361,DE,NEW_BATCH,2025-07-02,"[155, 156]","['Sample Sector', 'Sample Subsector']","[25, 25]","[0.0, 155.0]"
samplecompany1508.com,Sample Company 1508,DE,NEW_BATCH,2025-07-02,"[155, 156]","['Sample Sector', 'Sample Subsector']","[25, 25]","[0.0, 155.0]"
samplecompany1555.com,Sample Company 1555,DE,NEW_BATCH,2025-07-02,"[155, 156]","['Sample Sector', 'Sample Subsector']","[25, 25]","[0.0, 155.0]"
samplecompany1781.com,Sample Company 1781,DE,NEW_BATCH,2025-07-02,"[155, 156]","['Sample Sector', 'Sample Subsector']","[25, 25]","[0.0, 155.0]"
samplecompany1837.com,Sample Company 1837,DE,NEW_BATCH,2025-07-02,"[155, 156]","['Sample Sector', 'Sample Subsector']","[25, 25]","[0.0, 155.0]"
samplecompany2378.com,Sample Company 2378,DE,NEW_BATCH,2025-07-02,"[155, 156]","['Sample Sector', 'Sample Subsector']","[25, 25]","[0.0, 155.0]"
samplecompany2478.com,Sample Company 2478,DE,NEW_BATCH,2025-07-02,"[155, 156]","['Sample Sector', 'Sample Subsector']","[25, 25]","[0.0, 155.0]"
samplecompany2509.com,Sample Company 2509,DE,NEW_BATCH,2025-07-02,"[155, 156]","['Sample Sector', 'Sample Subsector']","[25, 25]","[0.0, 155.0]"
samplecompany2660.com,Sample Company 2660,DE,NEW_BATCH,2025-07-02,"[155, 156]","['Sample Sector', 'Sample Subsector']","[25, 25]","[0.0, 155.0]"
samplecompany2866.com,Sample Company 2866,DE,NEW_BATCH,2025-07-02,"[155, 156]","['Sample Sector', 'Sample Subsector']","[25, 25]","[0.0, 155.0]"
samplecompany2870.com,Sample Company 2870,DE,NEW_BATCH,2025-07-02,"[155, 156]","['Sample Sector', 'Sample Subsector']","[25, 25]","[0.0, 155.0]"
samplecompany3184.com,Sample Company 3184,DE,NEW_BATCH,2025-07-02,"[155, 156]","['Sample Sector', 'Sample Subsector']","[25, 25]","[0.0, 155.0]"
samplecompany3385.com,Sample Company 3385,DE,NEW_BATCH,2025-07-02,"[155, 156]","['Sample Sector', 'Sample Subsector']","[25, 25]","[0.0, 155.0]"
samplecompany3444.com,Sample Company 3444,DE,NEW_BATCH,2025-07-02,"[155, 156]","['Sample Sector', 'Sample Subsector']","[25, 25]","[0.0, 155.0]"
samplecompany3915.com,Sample Company 3915,DE,NEW_BATCH,2025-07-02,"[155, 156]","['Sample Sector', 'Sample Subsector']","[25, 25]","[0.0, 155.0]"
samplecompany3950.com,Sample Company 3950,DE,NEW_BATCH,2025-07-02,"[155, 156]","['Sample Sector', 'Sample Subsector']","[25, 25]","[0.0, 155.0]"
samplecompany3984.com,Sample Company 3984,DE,NEW_BATCH,2025-07-02,"[155, 156]","['Sample Sector', 'Sample Subsector']","[25, 25]","[0.0, 155.0]"
samplecompany4.com,Sample Company 4,DE,NEW_BATCH,2025-07-02,"[155, 156]","['Sample Sector', 'Sample Subsector']","[25, 25]","[0.0, 155.0]"
samplecompany5411.com,Sample Company 5411,DE,NEW_BATCH,2025-07-02,"[155, 156]","['Sample Sector', 'Sample Subsector']","[25, 25]","[0.0, 155.0]"
samplecompany5554.com,Sample Company 5554,DE,NEW_BATCH,2025-07-02,"[155, 156]","['Sample Sector', 'Sample Subsector']","[25, 25]","[0.0, 155.0]"
samplecompany5744.com,Sample Company 5744,DE,NEW_BATCH,2025-07-02,"[155, 156]","['Sample Sector', 'Sample Subsector']","[25, 25]","[0.0, 155.0]"
samplecompany990.com,Sample Company 990,DE,NEW_BATCH,2025-07-02,"[155, 156]","['Sample Sector', 'Sample Subsector']","[25, 25]","[0.0, 155.0]"
sandiegocounty.gov,San Diego County Public Health,US,NEW_BATCH_MANUAL,2025-10-10,[167],['Companies from Jenkins'],[25],[0.0]
sanotrade.ch,SanoTrade,CH,NEW_BATCH_JENKINS,2025-11-27,[167],['Companies from Jenkins'],[25],[0.0]
santarosasmog.com,Callagy Automotive & Smog,US,NEW_BATCH_MANUAL,2025-10-10,[167],['Companies from Jenkins'],[25],[0.0]
scallianceins.com,SC Alliance,US,NEW_BATCH,2024-11-26,[22],['Insurance Brokers'],[25],[0.0]
scheuer.koeln,Scheuer Haus & Gebaeudetechnik,DE,NEW_BATCH_DATAQA,2025-11-16,"[23, 171]","['Construction Services', 'HVAC and Plumbing']","[250, 250]","[0.0, 23.0]"
schmitte-praxis.ch,Schmitte-Praxis,CH,NEW_BATCH_MANUAL,2025-11-19,"[18, 170]","['Healthcare Providers', 'General Physicians']","[3, 3]","[0.0, 18.0]"
schoepf-living.ch,schöpf living,CH,NEW_BATCH_JENKINS,2025-11-27,[167],['Companies from Jenkins'],[25],[0.0]
schornstein-sauerland.de,Dr. Schornstein und Sauerland Steuerberater,DE,NEW_BATCH,2025-06-24,"[32, 153]","['Professional Services', 'Tax Advisors']","[25, 25]","[0.0, 32.0]"
schreinerei-sperb.ch,Schreinerei Sperb,CH,NEW_BATCH_JENKINS,2025-11-27,[167],['Companies from Jenkins'],[25],[0.0]
schulearni.ch,freischi,CH,NEW_BATCH_JENKINS,2025-11-27,[167],['Companies from Jenkins'],[25],[0.0]
scierie-perisset.ch,Industrie du bois Jacques Périsset,CH,NEW_BATCH_JENKINS,2025-11-27,[167],['Companies from Jenkins'],[25],[0.0]
scmdirect.com,SCM Private,GB,MIGRATION,2024-09-29,[41],['Wealth Management / Brokerage'],[10],[0.0]
sedia.ch,Sedia Medizintechnik,CH,NEW_BATCH_MANUAL,2025-12-04,[25],['Medical Equipment and Supplies'],[25],[0.0]
seedorf-uri.ch,KW Seedorf,CH,NEW_BATCH_JENKINS,2025-11-27,[167],['Companies from Jenkins'],[25],[0.0]
sehhaus-herrsching.de,Sehhaus-Herrsching,DE,NEW_BATCH,2025-02-26,"[37, 121]","['Specialty Retailers', 'Opticians']","[3, 3]","[0.0, 37.0]"
sehne.de,Sehne Backwaren Baeckerei Sehne im Real,DE,NEW_BATCH_MANUAL,2025-10-03,"[34, 87]","['Retailing - Food', 'Bakeries']","[3, 3]","[0.0, 34.0]"
sema-fertiggarage.ch,NOE-Schaltechnik,CH,NEW_BATCH_JENKINS,2025-11-27,[167],['Companies from Jenkins'],[25],[0.0]
senseisurgical.com,Lightpoint Medical,GB,NEW_BATCH_MANUAL,2025-12-04,[25],['Medical Equipment and Supplies'],[25],[0.0]
service-pro.ch,Service-Pro Swiss,CH,NEW_BATCH_JENKINS,2025-11-27,[167],['Companies from Jenkins'],[25],[0.0]
shamrockcap.com,Shamrock Capital Advisors,US,NEW_BATCH,2025-08-22,[97],['Alternative Asset Management'],[25],[0.0]
sharpedgesurgimed.com,Sharp Edge Surgimed,PK,NEW_BATCH_MANUAL,2025-12-04,[25],['Medical Equipment and Supplies'],[25],[0.0]
sharpsmws.com,Carolina Biomedical Disposal,US,NEW_BATCH_MANUAL,2025-10-10,[167],['Companies from Jenkins'],[25],[0.0]
shc-software.ch,SHC Software,CH,NEW_BATCH_JENKINS,2025-11-27,[167],['Companies from Jenkins'],[25],[0.0]
sicherheitstechnik-kommunikation-deutschland.de,Alarmtechnik Theis,DE,NEW_BATCH_DATAQA,2025-12-10,"[23, 173]","['Construction Services', 'Electrical Installation']","[250, 250]","[0.0, 23.0]"
silikon-fugen.ch,Ramanaj,CH,NEW_BATCH_JENKINS,2025-11-27,[167],['Companies from Jenkins'],[25],[0.0]
siwacom.ch,SIWACOM,CH,NEW_BATCH_JENKINS,2025-11-27,[167],['Companies from Jenkins'],[25],[0.0]
sjdisposable.com,XIANTAO S&J PROTECTIVE PRODUCTS,CN,NEW_BATCH_MANUAL,2025-12-04,[25],['Medical Equipment and Supplies'],[25],[0.0]
skorelab.ch,Skore Lab,CH,NEW_BATCH_JENKINS,2025-11-27,[167],['Companies from Jenkins'],[25],[0.0]
smartnucl.com,SmartNuclide,CN,NEW_BATCH_MANUAL,2025-10-10,[167],['Companies from Jenkins'],[25],[0.0]
snowballwm.com,Snowball Wealth Management,US,NEW_BATCH,2025-08-22,[41],['Wealth Management / Brokerage'],[10],[0.0]
softwarepoint.com,Whitelake Software Point,0,NEW_BATCH_MANUAL,2025-12-08,[214],['Medtech Services 3'],[25],[0.0]
solpro.ch,Solpro Schweiz,CH,NEW_BATCH_JENKINS,2025-11-27,[167],['Companies from Jenkins'],[25],[0.0]
somru.ca,Somru BioScience,CA,NEW_BATCH_MANUAL,2025-10-10,[167],['Companies from Jenkins'],[25],[0.0]
southeastinsure.com,Southeast Insurance,US,NEW_BATCH,2025-01-17,[22],['Insurance Brokers'],[25],[0.0]
sovieroassetmanagement.com,Soviero Asset Management,US,NEW_BATCH,2025-08-22,[41],['Wealth Management / Brokerage'],[10],[0.0]
sportbahnen-jaunpass.ch,Sportbahnen Jaunpass,CH,NEW_BATCH_JENKINS,2025-11-27,[167],['Companies from Jenkins'],[25],[0.0]
sportpferde-vom-oberhof.ch,Bauer Haustechnik,CH,NEW_BATCH_JENKINS,2025-11-27,[167],['Companies from Jenkins'],[25],[0.0]
spqrcostruzioni.ch,SPQR costruzioni e conservazioni,CH,NEW_BATCH_JENKINS,2025-11-27,[167],['Companies from Jenkins'],[25],[0.0]
spsprocess.com,SPS Process Systems,IN,NEW_BATCH_MANUAL,2025-10-10,[167],['Companies from Jenkins'],[25],[0.0]
srisawanagency.com,Srisawan Premier Agency,US,NEW_BATCH,2025-01-17,[22],['Insurance Brokers'],[25],[0.0]
staernehimu.ch,Knall Fred,CH,NEW_BATCH_JENKINS,2025-11-27,[167],['Companies from Jenkins'],[25],[0.0]
stampdutyrelief.co.uk,STAMP DUTY ADVISORY SERVICES,GB,NEW_BATCH_DATAQA,2025-11-01,"[32, 153]","['Professional Services', 'Tax Advisors']","[25, 25]","[0.0, 32.0]"
star-am.com,STAR Asset Management,ID,NEW_BATCH,2024-10-18,[95],['Asset Management (traditional)'],[25],[0.0]
star-transport.ch,STAR Transport,CH,NEW_BATCH_JENKINS,2025-11-27,[167],['Companies from Jenkins'],[25],[0.0]
starnails-luzern.ch,Star Nails,CH,NEW_BATCH_JENKINS,2025-11-27,[167],['Companies from Jenkins'],[25],[0.0]
stb-muc.de,Linhart & Kuch Steuerberater,DE,NEW_BATCH,2025-06-24,"[32, 153]","['Professional Services', 'Tax Advisors']","[25, 25]","[0.0, 32.0]"
stb-schwarzinger.at,Steuerberatung Schwarzinger,AT,NEW_BATCH_DATAQA,2025-10-25,[153],['Tax Advisors'],[25],[32.0]
steakhouse-brunnen.ch,Zemp Steakhouse Brunnen,CH,NEW_BATCH_JENKINS,2025-11-27,[167],['Companies from Jenkins'],[25],[0.0]
steuerberater-koch-kollegen.de,Koch & Kollegen Steuerberatungsgesellschaft,DE,NEW_BATCH,2025-06-24,"[32, 153]","['Professional Services', 'Tax Advisors']","[25, 25]","[0.0, 32.0]"
steuerkanzlei-engl.de,Marcus Engl Steuerberatungsgesellschaft,DE,NEW_BATCH,2025-06-24,"[32, 153]","['Professional Services', 'Tax Advisors']","[25, 25]","[0.0, 32.0]"
stewartco-cpa.com,Stewart & Company,US,NEW_BATCH,2025-06-24,[32],['Professional Services'],[25],[0.0]
stichundstrich.ch,Stich und Strich Füchslin,CH,NEW_BATCH_JENKINS,2025-11-27,[167],['Companies from Jenkins'],[25],[0.0]
stiuvou.ch,Stiuvou,CH,NEW_BATCH_JENKINS,2025-11-27,[167],['Companies from Jenkins'],[25],[0.0]
stoermetzg.ch,Störmetzg Meier,CH,NEW_BATCH_JENKINS,2025-11-26,[167],['Companies from Jenkins'],[25],[0.0]
storck-gmbh.de,Storck Sicherheitstechnik,DE,NEW_BATCH_MANUAL,2026-01-09,"[32, 218]","['Professional Services', 'Access Systems, Security Electronics and Fencing Solutions']","[25, 25]","[0.0, 32.0]"
studerfamilyoffice.com,Studer Family Office,CH,NEW_BATCH_JENKINS,2025-11-27,[167],['Companies from Jenkins'],[25],[0.0]
studio-del-arte.de,Studio del' Arte,DE,NEW_BATCH,2025-07-03,[55],['Consumer Products & Services'],[25],[0.0]
stute-bielefeld.de,ZahnarztPraxis Dr.Wolfgang Stute,DE,NEW_BATCH_JENKINS,2025-12-01,"[18, 125]","['Healthcare Providers', 'Dentists']","[3, 3]","[0.0, 18.0]"
sublime-esthetics.ch,Sublime,CH,NEW_BATCH_JENKINS,2025-11-27,[167],['Companies from Jenkins'],[25],[0.0]
suedstadt-apotheke.de,Südstadt Apotheke,DE,NEW_BATCH_MANUAL,2025-10-09,[167],['Companies from Jenkins'],[25],[0.0]
sunsetresourcesgroup.com,Sunset Resources Group,US,NEW_BATCH_MANUAL,2025-10-10,[167],['Companies from Jenkins'],[25],[0.0]
sunvou.com,Sunvou Medical Electronics,CN,NEW_BATCH_MANUAL,2025-12-04,[25],['Medical Equipment and Supplies'],[25],[0.0]
svk-art.com,Kessler Metallgestaltung,CH,NEW_BATCH_JENKINS,2025-11-27,[167],['Companies from Jenkins'],[25],[0.0]
sweetrich.cn,Suzhou Sweetrich Vehicle Industry,CN,NEW_BATCH_MANUAL,2025-12-04,[25],['Medical Equipment and Supplies'],[25],[0.0]
swindonaccountants.com,DG Accountants,GB,NEW_BATCH_DATAQA,2025-11-04,"[32, 153]","['Professional Services', 'Tax Advisors']","[25, 25]","[0.0, 32.0]"
swiss-paracord.ch,Swiss Paracord,CH,NEW_BATCH_JENKINS,2025-11-27,[167],['Companies from Jenkins'],[25],[0.0]
swiss-selfgarage.ch,Swiss Selfgarage,CH,NEW_BATCH_JENKINS,2025-11-27,[167],['Companies from Jenkins'],[25],[0.0]
swiss4ward.com,swiss4ward,CH,NEW_BATCH_JENKINS,2025-11-27,[167],['Companies from Jenkins'],[25],[0.0]
swissblock.net,Swissblock Capital,CH,NEW_BATCH_JENKINS,2025-11-28,[167],['Companies from Jenkins'],[25],[0.0]
swissfr.ch,Swiss Financial Research,CH,NEW_BATCH_JENKINS,2025-11-27,[167],['Companies from Jenkins'],[25],[0.0]
swissinnovations.com,Business & Leisure Group Schweiz,CH,NEW_BATCH_JENKINS,2025-11-27,[167],['Companies from Jenkins'],[25],[0.0]
swissmico.ch,swissMiCo,CH,NEW_BATCH_JENKINS,2025-11-27,[167],['Companies from Jenkins'],[25],[0.0]
syncbiosystems.com,Sync Biosystems,NL,NEW_BATCH_MANUAL,2025-12-04,[25],['Medical Equipment and Supplies'],[25],[0.0]
sysinfra.ch,SYSINFRA Pathman,CH,NEW_BATCH_JENKINS,2025-11-27,[167],['Companies from Jenkins'],[25],[0.0]
tab-kanzlei.de,Steuerberater Bad Toelz,DE,NEW_BATCH,2025-06-24,"[32, 153]","['Professional Services', 'Tax Advisors']","[25, 25]","[0.0, 32.0]"
tabbico.com,Tabbico,US,NEW_BATCH,2025-07-03,[22],['Insurance Brokers'],[25],[0.0]
talajvizsgalo.hu,HL-LAB Agricultural and Environmental Laboratory,HU,NEW_BATCH_MANUAL,2025-10-10,[167],['Companies from Jenkins'],[25],[0.0]
tamarandpharezltd.com,Tamar & Pharez Pharmaceutical,NG,NEW_BATCH_MANUAL,2025-10-10,[167],['Companies from Jenkins'],[25],[0.0]
tanner-treuhand.com,Tanner Treuhand und Beratung,CH,NEW_BATCH,2025-09-08,"[32, 145]","['Professional Services', 'Accounting Services']","[25, 25]","[0.0, 32.0]"
taoconsultant.com,Tao,US,NEW_BATCH,2025-07-03,[22],['Insurance Brokers'],[25],[0.0]
tapetenschweiz.ch,"Anika Brüllmann Tapeten, traditionelles Tapezierhandwerk",CH,NEW_BATCH_JENKINS,2025-11-27,[167],['Companies from Jenkins'],[25],[0.0]
tax-arts.ch,Tax Arts,CH,NEW_BATCH_JENKINS,2025-11-28,[167],['Companies from Jenkins'],[25],[0.0]
taxexperts.at,DBS Dr. Dal - Bianco & Mag. Schranz Steuerberatungs,AT,NEW_BATCH_DATAQA,2025-10-27,[153],['Tax Advisors'],[25],[32.0]
taxresolute.co.uk,TAX RESOLUTE,GB,NEW_BATCH_DATAQA,2025-11-01,"[32, 153]","['Professional Services', 'Tax Advisors']","[25, 25]","[0.0, 32.0]"
taziotatti.ch,Injectosond,CH,NEW_BATCH_JENKINS,2025-11-27,[167],['Companies from Jenkins'],[25],[0.0]
tds1881.com,Advanced Medical Group,US,NEW_BATCH_MANUAL,2025-10-10,[167],['Companies from Jenkins'],[25],[0.0]
telecomservices.ch,Telecom Services,CH,NEW_BATCH_JENKINS,2025-11-27,[167],['Companies from Jenkins'],[25],[0.0]
telperian.com,Telperian,US,NEW_BATCH_MANUAL,2025-10-10,[167],['Companies from Jenkins'],[25],[0.0]
temp.annettpaszkierzahnärzti.de,"Annett Paszkier, Zahnärztin",DE,NEW_BATCH_JENKINS,2025-12-02,"[18, 125]","['Healthcare Providers', 'Dentists']","[3, 3]","[0.0, 18.0]"
temp.b000527156.it,B-ONE SRL,IT,NEW_BATCH_MANUAL,2026-01-05,[216],['Insurance Brokerage'],[25],[0.0]
temp.b000675574.it,GM BROKER S.R.L.,IT,NEW_BATCH_MANUAL,2026-01-05,[216],['Insurance Brokerage'],[25],[0.0]
temp.b000748523.it,ART OF INSURANCE SRLS,IT,NEW_BATCH_MANUAL,2026-01-05,[216],['Insurance Brokerage'],[25],[0.0]
temp.bagdrnicolindemannjankurtz-hoffmannkollegenleipzig.de,BAG Dr. Nico Lindemann Jan Kurtz-Hoffmann & Kollegen Leipzig,DE,NEW_BATCH_JENKINS,2025-12-01,"[18, 125]","['Healthcare Providers', 'Dentists']","[3, 3]","[0.0, 18.0]"
temp.baierinesheidenau.de,"Baier, Ines Heidenau",DE,NEW_BATCH_JENKINS,2025-12-01,"[18, 125]","['Healthcare Providers', 'Dentists']","[3, 3]","[0.0, 18.0]"
temp.bankgloucester.com,BankGloucester,US,NEW_BATCH,2025-07-29,[7],['Banks'],[3],[0.0]
temp.bankofwolcott.com,Bank of Wolcott,US,NEW_BATCH,2025-07-29,[7],['Banks'],[3],[0.0]
temp.baustian,Baustian / Zahnarztpraxis,DE,NEW_BATCH_JENKINS,2025-12-02,"[18, 125]","['Healthcare Providers', 'Dentists']","[3, 3]","[0.0, 18.0]"
temp.bckereireuther.com,Bäckerei Reuther,DE,NEW_BATCH,2024-11-03,"[34, 87]","['Retailing - Food', 'Bakeries']","[3, 3]","[0.0, 34.0]"
temp.becke,Becke / Zahnarztpraxis,DE,NEW_BATCH_JENKINS,2025-12-02,"[18, 125]","['Healthcare Providers', 'Dentists']","[3, 3]","[0.0, 18.0]"
temp.belartpeider.ch,Belart Peider,CH,NEW_BATCH_MANUAL,2025-11-19,"[18, 170]","['Healthcare Providers', 'General Physicians']","[3, 3]","[0.0, 18.0]"
temp.betreuungsteammecklenburgvorpommern.com,Betreuungsteam Mecklenburg - Vorpommern,DE,NEW_BATCH_MANUAL,2025-12-10,"[18, 179]","['Healthcare Providers', 'Child and Youth Welfare']","[3, 3]","[0.0, 18.0]"
temp.bransonbank.com,Branson Bank,US,NEW_BATCH,2025-07-29,[7],['Banks'],[3],[0.0]
temp.devonbank.com,Devon Bank,US,NEW_BATCH,2025-07-29,[7],['Banks'],[3],[0.0]
temp.dipl-stomatsylkelerche,Dipl.-Stomat. Sylke Lerche / BAG,DE,NEW_BATCH_JENKINS,2025-12-02,"[18, 125]","['Healthcare Providers', 'Dentists']","[3, 3]","[0.0, 18.0]"
temp.dipl-stommesserschmidtdrmesserschmid.de,Dipl.-Stom. Messerschmidt & Dr. Messerschmidt,DE,NEW_BATCH_JENKINS,2025-12-02,"[18, 125]","['Healthcare Providers', 'Dentists']","[3, 3]","[0.0, 18.0]"
temp.drarnoschäffer.de,Dr. Arno Schäffer,DE,NEW_BATCH_JENKINS,2025-12-01,"[18, 125]","['Healthcare Providers', 'Dentists']","[3, 3]","[0.0, 18.0]"
temp.drbalaommundgesundbarßelzmvzgmbh.de,Dr. Balaom Mundgesund Barßel ZMVZ (GmbH),DE,NEW_BATCH_JENKINS,2025-12-02,"[18, 125]","['Healthcare Providers', 'Dentists']","[3, 3]","[0.0, 18.0]"
temp.drchristianmülle.de,Dr. Christian Müller,DE,NEW_BATCH_JENKINS,2025-12-02,"[18, 125]","['Healthcare Providers', 'Dentists']","[3, 3]","[0.0, 18.0]"
temp.drdominiquedurrer.ch,Dr Dominique Durrer,CH,NEW_BATCH_MANUAL,2025-11-19,"[18, 170]","['Healthcare Providers', 'General Physicians']","[3, 3]","[0.0, 18.0]"
temp.drhubertusbeik.de,Dr. Hubertus Beike,DE,NEW_BATCH_JENKINS,2025-12-02,"[18, 125]","['Healthcare Providers', 'Dentists']","[3, 3]","[0.0, 18.0]"
temp.drjörgschwitallazahnarztjenswestermannzahnarztandreasnußbicke.de,"Dr. Jörg Schwitalla, Zahnarzt Jens Westermann, Zahnarzt Andreas Nußbicker",DE,NEW_BATCH_JENKINS,2025-12-02,"[18, 125]","['Healthcare Providers', 'Dentists']","[3, 3]","[0.0, 18.0]"
temp.drmanuelayesi.de,Dr. Manuela Yesil,DE,NEW_BATCH_JENKINS,2025-12-02,"[18, 125]","['Healthcare Providers', 'Dentists']","[3, 3]","[0.0, 18.0]"
temp.drmeddentannebuschmeier.de,Dr. med. dent. Anne Buschmeier,DE,NEW_BATCH_JENKINS,2025-12-01,"[18, 125]","['Healthcare Providers', 'Dentists']","[3, 3]","[0.0, 18.0]"
temp.drmeddenteminelind.de,Dr. med. dent. Emine Lind,DE,NEW_BATCH_JENKINS,2025-12-01,"[18, 125]","['Healthcare Providers', 'Dentists']","[3, 3]","[0.0, 18.0]"
temp.drmeddentirenatinzmann.de,Dr. med. dent. Irena Tinzmann,DE,NEW_BATCH_JENKINS,2025-12-01,"[18, 125]","['Healthcare Providers', 'Dentists']","[3, 3]","[0.0, 18.0]"
temp.drmeddentstephanmüller.de,Dr. med. dent. Stephan Müller,DE,NEW_BATCH_JENKINS,2025-12-01,"[18, 125]","['Healthcare Providers', 'Dentists']","[3, 3]","[0.0, 18.0]"
temp.drralfmannke.de,Dr. Ralf Mannke,DE,NEW_BATCH_JENKINS,2025-12-01,"[18, 125]","['Healthcare Providers', 'Dentists']","[3, 3]","[0.0, 18.0]"
temp.drutegretchenelisabethkröpelin-weber.de,Dr. Ute Gretchen Elisabeth Kröpelin-Weber,DE,NEW_BATCH_JENKINS,2025-12-01,"[18, 125]","['Healthcare Providers', 'Dentists']","[3, 3]","[0.0, 18.0]"
temp.firstnationalbankofhereford.com,First National Bank of Hereford,US,NEW_BATCH,2025-07-29,[7],['Banks'],[3],[0.0]
temp.firstsavingsbankjeffersonvillein.com,"First Savings Bank, Jeffersonville (IN)",US,NEW_BATCH,2025-07-29,[7],['Banks'],[3],[0.0]
temp.fraudrastridfelden.de,Frau Dr. Astrid Felden,DE,NEW_BATCH_JENKINS,2025-12-01,"[18, 125]","['Healthcare Providers', 'Dentists']","[3, 3]","[0.0, 18.0]"
temp.gemeinschaftspraxis.ch,Gemeinschaftspraxis,CH,NEW_BATCH_MANUAL,2025-11-19,"[18, 170]","['Healthcare Providers', 'General Physicians']","[3, 3]","[0.0, 18.0]"
temp.gerhardgneistzahnärzt.de,"Gerhard Gneist, Zahnärzte",DE,NEW_BATCH_JENKINS,2025-12-02,"[18, 125]","['Healthcare Providers', 'Dentists']","[3, 3]","[0.0, 18.0]"
temp.greatsouthernbankreedsspringks.com,"Great Southern Bank, Reeds Spring (KS)",US,NEW_BATCH,2025-07-29,[7],['Banks'],[3],[0.0]
temp.hausarztpraxisblum.ch,Hausarztpraxis Blum,CH,NEW_BATCH_MANUAL,2025-11-19,"[18, 170]","['Healthcare Providers', 'General Physicians']","[3, 3]","[0.0, 18.0]"
temp.heartlandstatebankredfieldsd.com,"Heartland State Bank, Redfield (SD)",US,NEW_BATCH,2025-07-29,[7],['Banks'],[3],[0.0]
temp.infirstbank.com,InFirst Bank,US,NEW_BATCH,2025-07-29,[7],['Banks'],[3],[0.0]
temp.jensstangl.de,Jens Stangl,DE,NEW_BATCH_JENKINS,2025-12-01,"[18, 125]","['Healthcare Providers', 'Dentists']","[3, 3]","[0.0, 18.0]"
temp.jürgenbarth.de,Jürgen Barth,DE,NEW_BATCH_JENKINS,2025-12-01,"[18, 125]","['Healthcare Providers', 'Dentists']","[3, 3]","[0.0, 18.0]"
temp.katharinasalvese.de,Katharina Salvesen,DE,NEW_BATCH_JENKINS,2025-12-02,"[18, 125]","['Healthcare Providers', 'Dentists']","[3, 3]","[0.0, 18.0]"
temp.kindredstatebank.com,Kindred State Bank,US,NEW_BATCH,2025-07-29,[7],['Banks'],[3],[0.0]
temp.lebbrandenburgev.com,LEB Brandenburg e.V.,DE,NEW_BATCH_MANUAL,2025-12-10,"[18, 179]","['Healthcare Providers', 'Child and Youth Welfare']","[3, 3]","[0.0, 18.0]"
temp.mandywarzitz.de,Mandy Warzitz,DE,NEW_BATCH_JENKINS,2025-12-01,"[18, 125]","['Healthcare Providers', 'Dentists']","[3, 3]","[0.0, 18.0]"
temp.mhlenbckereibost.com,Mühlenbäckerei Bost,DE,NEW_BATCH,2024-11-03,"[34, 87]","['Retailing - Food', 'Bakeries']","[3, 3]","[0.0, 34.0]"
temp.mohamedabohamadazahnarz.de,"Mohamed Abo Hamada, Zahnarzt",DE,NEW_BATCH_JENKINS,2025-12-02,"[18, 125]","['Healthcare Providers', 'Dentists']","[3, 3]","[0.0, 18.0]"
temp.mortoncommunitybank.com,Morton Community Bank,US,NEW_BATCH,2025-07-29,[7],['Banks'],[3],[0.0]
temp.praxisdrchristostsiaousidi.de,Praxis Dr. Christos Tsiaousidis,DE,NEW_BATCH_JENKINS,2025-12-02,"[18, 125]","['Healthcare Providers', 'Dentists']","[3, 3]","[0.0, 18.0]"
temp.praxisdrmeddentthomasschleihau.de,Praxis Dr. med. dent. Thomas Schleihauf,DE,NEW_BATCH_JENKINS,2025-12-02,"[18, 125]","['Healthcare Providers', 'Dentists']","[3, 3]","[0.0, 18.0]"
temp.praxisheide.de,Praxis Heiden,DE,NEW_BATCH_JENKINS,2025-12-02,"[18, 125]","['Healthcare Providers', 'Dentists']","[3, 3]","[0.0, 18.0]"
temp.praxisirinaprussdrmedthomasprus.de,"Praxis Irina Pruss, Dr. med. Thomas Pruss",DE,NEW_BATCH_JENKINS,2025-12-02,"[18, 125]","['Healthcare Providers', 'Dentists']","[3, 3]","[0.0, 18.0]"
temp.praxismitrakalirad-schneide.de,Praxis Mitra Kalirad-Schneider,DE,NEW_BATCH_JENKINS,2025-12-02,"[18, 125]","['Healthcare Providers', 'Dentists']","[3, 3]","[0.0, 18.0]"
temp.praxisralf-michaelnosk.de,Praxis Ralf-Michael Nosko,DE,NEW_BATCH_JENKINS,2025-12-02,"[18, 125]","['Healthcare Providers', 'Dentists']","[3, 3]","[0.0, 18.0]"
temp.praxisspiekerman.de,Praxis Spiekermann,DE,NEW_BATCH_JENKINS,2025-12-02,"[18, 125]","['Healthcare Providers', 'Dentists']","[3, 3]","[0.0, 18.0]"
temp.simondolburdzahnarz.de,"Simon Dolburd, Zahnarzt",DE,NEW_BATCH_JENKINS,2025-12-02,"[18, 125]","['Healthcare Providers', 'Dentists']","[3, 3]","[0.0, 18.0]"
temp.sparkasseborken-schwalmstadt.com,Sparkasse Borken-Schwalmstadt,DE,NEW_BATCH,2024-11-02,"[7, 89]","['Banks', 'Savings Banks']","[3, 3]","[0.0, 7.0]"
temp.sterlingstatebank.com,Sterling State Bank,US,NEW_BATCH,2025-07-29,[7],['Banks'],[3],[0.0]
temp.thebrookvillebuildingandsavingsassociation.com,The Brookville Building and Savings Association,US,NEW_BATCH,2025-07-29,[7],['Banks'],[3],[0.0]
temp.thestatebankfentonmi.com,"The State Bank, Fenton (MI)",US,NEW_BATCH,2025-07-29,[7],['Banks'],[3],[0.0]
temp.thomasostwald.de,Thomas Ostwald,DE,NEW_BATCH_JENKINS,2025-12-01,"[18, 125]","['Healthcare Providers', 'Dentists']","[3, 3]","[0.0, 18.0]"
temp.torbensaschabovermann.de,Torben Sascha Bovermann,DE,NEW_BATCH_JENKINS,2025-12-01,"[18, 125]","['Healthcare Providers', 'Dentists']","[3, 3]","[0.0, 18.0]"
temp.volksbankeglohnedinklagesteinfeldmhlenbankstellesteinfeld.de,Volksbank eG Lohne - Dinklage - Steinfeld - Muehlen - Bankstelle Steinfeld,DE,NEW_BATCH,2024-10-07,"[7, 90]","['Banks', 'Mutual Banks']","[3, 3]","[0.0, 7.0]"
temp.zahnarztafshinborn.de,Zahnarzt Afshin Borna,DE,NEW_BATCH_JENKINS,2025-12-02,"[18, 125]","['Healthcare Providers', 'Dentists']","[3, 3]","[0.0, 18.0]"
temp.zahnarztandrémeye.de,Zahnarzt André Meyer,DE,NEW_BATCH_JENKINS,2025-12-02,"[18, 125]","['Healthcare Providers', 'Dentists']","[3, 3]","[0.0, 18.0]"
temp.zahnarztbassameli.de,Zahnarzt Bassam Elia,DE,NEW_BATCH_JENKINS,2025-12-02,"[18, 125]","['Healthcare Providers', 'Dentists']","[3, 3]","[0.0, 18.0]"
temp.zahnarztdipl-medgeorgschuber.de,Zahnarzt Dipl.-Med. Georg Schubert,DE,NEW_BATCH_JENKINS,2025-12-02,"[18, 125]","['Healthcare Providers', 'Dentists']","[3, 3]","[0.0, 18.0]"
temp.zahnarztmaximilianblas.de,Zahnarzt Maximilian Blase,DE,NEW_BATCH_JENKINS,2025-12-02,"[18, 125]","['Healthcare Providers', 'Dentists']","[3, 3]","[0.0, 18.0]"
temp.zahnärztinutagabber.de,Zahnärztin Uta Gabbert,DE,NEW_BATCH_JENKINS,2025-12-02,"[18, 125]","['Healthcare Providers', 'Dentists']","[3, 3]","[0.0, 18.0]"
terpenia.eu,Terpenia Phytotherapeutics,0,NEW_BATCH_MANUAL,2025-10-10,[167],['Companies from Jenkins'],[25],[0.0]
tethys.fr,TÉTHYS,FR,NEW_BATCH,2024-11-25,"[97, 154]","['Alternative Asset Management', 'Alternative Asset Management - Other']","[25, 25]","[0.0, 97.0]"
tetris-assurance.com,Tetris,FR,NEW_BATCH,2024-12-15,[22],['Insurance Brokers'],[25],[0.0]
teufel-international.com,Wilhelm Julius Teufel,DE,NEW_BATCH_MANUAL,2025-12-04,[25],['Medical Equipment and Supplies'],[25],[0.0]
textilpflege27.ch,TEXTILPFLEGE 27,CH,NEW_BATCH_JENKINS,2025-11-27,[167],['Companies from Jenkins'],[25],[0.0]
tglbiosc.com,The Genelab Lifescience Company,NG,NEW_BATCH_MANUAL,2025-10-10,[167],['Companies from Jenkins'],[25],[0.0]
theclinivex.com,Clinivex,0,NEW_BATCH_MANUAL,2025-10-10,[167],['Companies from Jenkins'],[25],[0.0]
thecoolswiss.com,The Cool Swiss,CH,NEW_BATCH_JENKINS,2025-11-27,[167],['Companies from Jenkins'],[25],[0.0]
thesabinagency.com,Sabin Agency,US,NEW_BATCH,2025-01-15,[22],['Insurance Brokers'],[25],[0.0]
thomaskuenzle.ch,THOMAS KÜNZLE Architekten,CH,NEW_BATCH_JENKINS,2025-11-27,[167],['Companies from Jenkins'],[25],[0.0]
tissuelabs.com,TissueLabs,CH,NEW_BATCH_MANUAL,2025-10-10,[167],['Companies from Jenkins'],[25],[0.0]
tk-capital.de,Trend Kairos Capital,DE,MIGRATION,2024-09-29,[41],['Wealth Management / Brokerage'],[10],[0.0]
top-speedy-clean.ch,Top Speedy Clean,CH,NEW_BATCH_JENKINS,2025-11-27,[167],['Companies from Jenkins'],[25],[0.0]
topkitt.ch,Top Kitt,CH,NEW_BATCH_JENKINS,2025-11-27,[167],['Companies from Jenkins'],[25],[0.0]
topomed.gr,ΤΟΠΟΜΕΝΤ Ι Γ ΡΟΔΟΠΟΥΛΟΣ Κ ΣΙΑ,GR,NEW_BATCH_MANUAL,2025-12-04,[25],['Medical Equipment and Supplies'],[25],[0.0]
topsbetter.com,Guangshui Sbetter Medical Products,CN,NEW_BATCH_MANUAL,2025-12-04,[25],['Medical Equipment and Supplies'],[25],[0.0]
tozerseeds.com,Tozer Seeds,NL,NEW_BATCH_MANUAL,2025-12-04,[25],['Medical Equipment and Supplies'],[25],[0.0]
trailsupply.ch,Trail Supply,CH,NEW_BATCH_JENKINS,2025-11-27,[167],['Companies from Jenkins'],[25],[0.0]
treuhand-wespe.ch,Treuhand Wespe,CH,NEW_BATCH,2025-09-08,"[32, 145]","['Professional Services', 'Accounting Services']","[25, 25]","[0.0, 32.0]"
trevorjones.co.uk,Trevor Jones & Partners,GB,NEW_BATCH_DATAQA,2025-11-04,"[32, 153]","['Professional Services', 'Tax Advisors']","[25, 25]","[0.0, 32.0]"
truefalse.ch,TRUE FALSE,CH,NEW_BATCH_JENKINS,2025-11-27,[167],['Companies from Jenkins'],[25],[0.0]
trustab.com,Advanced Benefits Communication,US,NEW_BATCH,2024-12-20,[22],['Insurance Brokers'],[25],[0.0]
tuboly-astronic.ch,Tuboly-Astronic,CH,NEW_BATCH_JENKINS,2025-11-27,[167],['Companies from Jenkins'],[25],[0.0]
turicum-broker.ch,Turicum Versicherungsbroker,CH,NEW_BATCH_JENKINS,2025-11-27,[167],['Companies from Jenkins'],[25],[0.0]
twinsurance.com,Thomas Ward,US,NEW_BATCH,2025-01-18,[22],['Insurance Brokers'],[25],[0.0]
typiir.de,TypIIR,DE,NEW_BATCH_MANUAL,2025-12-04,[25],['Medical Equipment and Supplies'],[25],[0.0]
unboxingbiotech.com,Unboxing Biotech,US,NEW_BATCH_MANUAL,2025-10-10,[167],['Companies from Jenkins'],[25],[0.0]
unique-united.com,UNITED TREE,CH,NEW_BATCH_JENKINS,2025-11-27,[167],['Companies from Jenkins'],[25],[0.0]
unisieve.com,UniSieve,CH,NEW_BATCH_JENKINS,2025-11-27,[167],['Companies from Jenkins'],[25],[0.0]
untergrenchenberg.ch,BERGGASTHOF UNTERGRENCHENBERG KRISTINA SCHNEIDER,CH,NEW_BATCH_JENKINS,2025-11-27,[167],['Companies from Jenkins'],[25],[0.0]
unternehmen.com,Lernerfolg Wolf,CH,NEW_BATCH_JENKINS,2025-11-28,[167],['Companies from Jenkins'],[25],[0.0]
unverpackt-baselland.ch,Unverpackt Baselland,CH,NEW_BATCH_JENKINS,2025-11-27,[167],['Companies from Jenkins'],[25],[0.0]
urecoproperty.com,Ureco Capital,GB,NEW_BATCH_MANUAL,2025-12-09,[41],['Wealth Management / Brokerage'],[10],[0.0]
urgo.de,URGO,DE,NEW_BATCH_MANUAL,2025-12-04,[25],['Medical Equipment and Supplies'],[25],[0.0]
urozentrum-beo.ch,Urologische Praxis H. P. Böss,CH,NEW_BATCH_JENKINS,2025-11-27,[167],['Companies from Jenkins'],[25],[0.0]
usainsuranceco.net,Usa Insurance,US,NEW_BATCH,2025-07-03,[22],['Insurance Brokers'],[25],[0.0]
uzzalabioenergy.com,Uzzala Bio Energy,IN,NEW_BATCH_MANUAL,2025-10-10,[167],['Companies from Jenkins'],[25],[0.0]
valhallaflwr.com,Valhalla Flwr,CA,NEW_BATCH_MANUAL,2025-10-10,[167],['Companies from Jenkins'],[25],[0.0]
valli-strassenbau.ch,"Valli AG Strassenbau, Zweigniederlassung Schönenwerd",CH,NEW_BATCH_JENKINS,2025-11-27,[167],['Companies from Jenkins'],[25],[0.0]
valueplus.ch,SPUR Value Partners,CH,NEW_BATCH_JENKINS,2025-11-27,[167],['Companies from Jenkins'],[25],[0.0]
vazbareinigungtransport.ch,Vazba Reinigung Transport - Cristina Vazquez Barrero,CH,NEW_BATCH_JENKINS,2025-11-27,[167],['Companies from Jenkins'],[25],[0.0]
velocityins.net,Velocity Insurance,US,NEW_BATCH,2025-07-03,[22],['Insurance Brokers'],[25],[0.0]
velometzg.ch,Velo-Metzg,CH,NEW_BATCH_JENKINS,2025-11-27,[167],['Companies from Jenkins'],[25],[0.0]
veradent.de,Vera Klencke,DE,NEW_BATCH_JENKINS,2025-12-02,"[18, 125]","['Healthcare Providers', 'Dentists']","[3, 3]","[0.0, 18.0]"
verlagskv.ch,Verlag SKV,CH,NEW_BATCH_JENKINS,2025-11-27,[167],['Companies from Jenkins'],[25],[0.0]
vic.at,VICTORIA Wirtschaftstreuhand,AT,NEW_BATCH_DATAQA,2025-10-27,[153],['Tax Advisors'],[25],[32.0]
victoriaclean.ch,Victoria Clean Textilreinigung,CH,NEW_BATCH_JENKINS,2025-11-27,[167],['Companies from Jenkins'],[25],[0.0]
victoryautomotivegroup.com,Victory Automotive Group,US,NEW_BATCH,2025-02-18,[77],['Retailing - Auto'],[10],[0.0]
vilcolabs.com,Vilco Laboratories,IN,NEW_BATCH_MANUAL,2025-10-10,[167],['Companies from Jenkins'],[25],[0.0]
vippermanent.ch,Vip PERMANENT By ANASTASIYA SHCHERBAK,CH,NEW_BATCH_JENKINS,2025-11-27,[167],['Companies from Jenkins'],[25],[0.0]
virtualdiscovery.net,Virtual Discovery,US,NEW_BATCH_MANUAL,2025-10-10,[167],['Companies from Jenkins'],[25],[0.0]
viscon-treuhand.ch,Viscon Treuhand,CH,NEW_BATCH_MANUAL,2025-09-29,"[32, 145]","['Professional Services', 'Accounting Services']","[25, 25]","[0.0, 32.0]"
vivasaudecorretora.com.br,Viva Saúde,BR,NEW_BATCH,2025-06-24,[30],['P&C and Reinsurance'],[25],[0.0]
vkbroker.it,VK Broker,IT,NEW_BATCH,2024-11-26,[22],['Insurance Brokers'],[25],[0.0]
voegtle-steuerberater.de,ETL Vögtle & Kollegen Steuerberatungsgesellschaft,DE,NEW_BATCH,2025-06-30,"[32, 153]","['Professional Services', 'Tax Advisors']","[25, 25]","[0.0, 32.0]"
voicelan.ch,VoiceLan,CH,NEW_BATCH_JENKINS,2025-11-27,[167],['Companies from Jenkins'],[25],[0.0]
vs-stb.de,ETL Pfeiffer & Kollegen,DE,NEW_BATCH,2025-06-30,"[32, 153]","['Professional Services', 'Tax Advisors']","[25, 25]","[0.0, 32.0]"
waelti-homes.ch,Waelti Immobilien,CH,NEW_BATCH_JENKINS,2025-11-28,[167],['Companies from Jenkins'],[25],[0.0]
waldhaus-noschkowitz.de,Waldhaus Noschkowitz,DE,NEW_BATCH_MANUAL,2025-12-10,"[18, 179]","['Healthcare Providers', 'Child and Youth Welfare']","[3, 3]","[0.0, 18.0]"
wandaclarke.ch,DLTAdvisoryClarke,CH,NEW_BATCH_JENKINS,2025-11-27,[167],['Companies from Jenkins'],[25],[0.0]
wassmannag.ch,Wassmann AG Modell- und Prototypenbau,CH,NEW_BATCH_JENKINS,2025-11-27,[167],['Companies from Jenkins'],[25],[0.0]
wbg-wittnau.ch,Wohnbaugenossenschaft Wittnau,CH,NEW_BATCH_JENKINS,2025-11-27,[167],['Companies from Jenkins'],[25],[0.0]
webemotions.ch,WEBEMOTIONS,CH,NEW_BATCH_JENKINS,2025-11-27,[167],['Companies from Jenkins'],[25],[0.0]
weber-liestal.ch,Weber IT & Apps,CH,NEW_BATCH_JENKINS,2025-11-27,[167],['Companies from Jenkins'],[25],[0.0]
webersannarbor.com,Webers,DE,NEW_BATCH,2025-07-03,"[34, 87]","['Retailing - Food', 'Bakeries']","[3, 3]","[0.0, 34.0]"
webtie.ch,webtie,CH,NEW_BATCH_JENKINS,2025-11-26,[167],['Companies from Jenkins'],[25],[0.0]
weise-zaehne.com,"Dr.med.dent. Weise, Stefanie Döbeln",DE,NEW_BATCH_JENKINS,2025-12-01,"[18, 125]","['Healthcare Providers', 'Dentists']","[3, 3]","[0.0, 18.0]"
wenger-dach.ch,Wenger Bedachungen,CH,NEW_BATCH_JENKINS,2025-11-27,[167],['Companies from Jenkins'],[25],[0.0]
werbeakt.ch,voltura,CH,NEW_BATCH_JENKINS,2025-11-27,[167],['Companies from Jenkins'],[25],[0.0]
wicom.com,Wicom Analytics,0,NEW_BATCH_MANUAL,2025-10-10,[167],['Companies from Jenkins'],[25],[0.0]
wiegmaninsurance.com,Wiegman,US,NEW_BATCH,2025-01-22,[22],['Insurance Brokers'],[25],[0.0]
wilhelmsburg-zahnarzt.de,Okay Osanmaz – Zahnarzt in Hamburg-Wilhelmsburg,DE,NEW_BATCH_JENKINS,2025-12-01,"[18, 125]","['Healthcare Providers', 'Dentists']","[3, 3]","[0.0, 18.0]"
williamoptics.com,willam-optik,DE,NEW_BATCH,2025-06-24,"[37, 121]","['Specialty Retailers', 'Opticians']","[3, 3]","[0.0, 37.0]"
wippenham.riskommunal.net,Gemeinde Wippenham,AT,NEW_BATCH_DATAQA,2025-10-19,"[32, 153]","['Professional Services', 'Tax Advisors']","[25, 25]","[0.0, 32.0]"
wir-steuerberater.de,Sozietaet Bratzke Steuerberater,DE,NEW_BATCH,2025-06-24,"[32, 153]","['Professional Services', 'Tax Advisors']","[25, 25]","[0.0, 32.0]"
wohnen-muehle.ch,WOHNGENOSSENSCHAFT OBERE MÜHLE,CH,NEW_BATCH_JENKINS,2025-11-27,[167],['Companies from Jenkins'],[25],[0.0]
wrapfamily.ch,WrapFamily,CH,NEW_BATCH_JENKINS,2025-11-27,[167],['Companies from Jenkins'],[25],[0.0]
wytor.ch,Wytor,CH,NEW_BATCH_JENKINS,2025-11-27,[167],['Companies from Jenkins'],[25],[0.0]
xeediapharma.com,Xeedia,0,NEW_BATCH_MANUAL,2025-10-10,[167],['Companies from Jenkins'],[25],[0.0]
xer-tech.com,Xer Technologies,CH,NEW_BATCH_JENKINS,2025-11-27,[167],['Companies from Jenkins'],[25],[0.0]
yaseminmedika.com,Yasemin Medikal Malzemeleri,TR,NEW_BATCH_MANUAL,2025-12-04,[25],['Medical Equipment and Supplies'],[25],[0.0]
yikousushitea.com,YI KOU SUSHI TEA,CH,NEW_BATCH_JENKINS,2025-11-27,[167],['Companies from Jenkins'],[25],[0.0]
yoisungroup.com,Wenzhou Yosun Medical Technology,CN,NEW_BATCH_MANUAL,2025-12-04,[25],['Medical Equipment and Supplies'],[25],[0.0]
zahn-doc-weimer.de,Zahnarzt Weimer Erbach,DE,NEW_BATCH_JENKINS,2025-12-01,"[18, 125]","['Healthcare Providers', 'Dentists']","[3, 3]","[0.0, 18.0]"
zahnaerzte-gmuend.de,Zahnarztpraxis Dr.K,DE,NEW_BATCH_JENKINS,2025-12-02,"[18, 125]","['Healthcare Providers', 'Dentists']","[3, 3]","[0.0, 18.0]"
zahnaerzte-huesmann.de,"Dr. med. dent. Mario Huesmann, Dr. med. dent. Timo Huesmann",DE,NEW_BATCH_JENKINS,2025-12-01,"[18, 125]","['Healthcare Providers', 'Dentists']","[3, 3]","[0.0, 18.0]"
zahnaerzte-wiblingen.de,Zahnärzte Wiblingen,DE,NEW_BATCH_JENKINS,2025-12-02,"[18, 125]","['Healthcare Providers', 'Dentists']","[3, 3]","[0.0, 18.0]"
zahnaerzteteam-wemding.de,Zahnärzteteam Wemding,DE,NEW_BATCH_JENKINS,2025-12-01,"[18, 125]","['Healthcare Providers', 'Dentists']","[3, 3]","[0.0, 18.0]"
zahnaerztin-bensheim.de,Zahnarztpraxis Carole Benkert-Jockel,DE,NEW_BATCH_JENKINS,2025-12-01,"[18, 125]","['Healthcare Providers', 'Dentists']","[3, 3]","[0.0, 18.0]"
zahnaerztin-kirchhellen.de,Sarah Winter,DE,NEW_BATCH_JENKINS,2025-12-01,"[18, 125]","['Healthcare Providers', 'Dentists']","[3, 3]","[0.0, 18.0]"
zahnaerztin-weissmann.de,Praxis Dr. Anne-Kathrin Neymann,DE,NEW_BATCH_JENKINS,2025-12-02,"[18, 125]","['Healthcare Providers', 'Dentists']","[3, 3]","[0.0, 18.0]"
zahnaerztinnen-hh.de,Frau Alexandra Thiel,DE,NEW_BATCH_JENKINS,2025-12-01,"[18, 125]","['Healthcare Providers', 'Dentists']","[3, 3]","[0.0, 18.0]"
zahnarzt-boellinger.de,Praxis Am Schloss,DE,NEW_BATCH_JENKINS,2025-12-02,"[18, 125]","['Healthcare Providers', 'Dentists']","[3, 3]","[0.0, 18.0]"
zahnarzt-breul.de,Zahnarztpraxis Breul (Wettringen),DE,NEW_BATCH_JENKINS,2025-12-01,"[18, 125]","['Healthcare Providers', 'Dentists']","[3, 3]","[0.0, 18.0]"
zahnarzt-buechenbach.de,Zahnarztpraxis 360° - Dr. Niklas - Büchenbach,DE,NEW_BATCH_JENKINS,2025-12-01,"[18, 125]","['Healthcare Providers', 'Dentists']","[3, 3]","[0.0, 18.0]"
zahnarzt-burglengenfeld.de,Zahnarzt Burglengenfeld,DE,NEW_BATCH_JENKINS,2025-12-01,"[18, 125]","['Healthcare Providers', 'Dentists']","[3, 3]","[0.0, 18.0]"
zahnarzt-darmsheim-sindelfingen.de,Zahnstüble,DE,NEW_BATCH_JENKINS,2025-12-02,"[18, 125]","['Healthcare Providers', 'Dentists']","[3, 3]","[0.0, 18.0]"
zahnarzt-dr.-gaertner.de,Dr. med. dent. Mirko Gaertner,DE,NEW_BATCH_JENKINS,2025-12-01,"[18, 125]","['Healthcare Providers', 'Dentists']","[3, 3]","[0.0, 18.0]"
zahnarzt-gebhart.de,Zahnarztpraxis Steffen Gebhart,DE,NEW_BATCH_JENKINS,2025-12-01,"[18, 125]","['Healthcare Providers', 'Dentists']","[3, 3]","[0.0, 18.0]"
zahnarzt-gevelsberg.com,"Praxisgemeinschaft Dr. Dieter F. Pfeiffer, Holger Pelz & Steffen Bischlipp",DE,NEW_BATCH_JENKINS,2025-12-01,"[18, 125]","['Healthcare Providers', 'Dentists']","[3, 3]","[0.0, 18.0]"
zahnarzt-grabow.de,Zahnarztpraxis Christian Grabow,DE,NEW_BATCH_JENKINS,2025-12-02,"[18, 125]","['Healthcare Providers', 'Dentists']","[3, 3]","[0.0, 18.0]"
zahnarzt-hrdina.de,Zahnärzte Hrdina,DE,NEW_BATCH_JENKINS,2025-12-02,"[18, 125]","['Healthcare Providers', 'Dentists']","[3, 3]","[0.0, 18.0]"
zahnarzt-hulbert.de,Praxis für Zahnmedizin Dr. Hulbert & Kollegen,DE,NEW_BATCH_JENKINS,2025-12-02,"[18, 125]","['Healthcare Providers', 'Dentists']","[3, 3]","[0.0, 18.0]"
zahnarzt-in-aub.de,Dr. med. dent. Kilian Hellmuth,DE,NEW_BATCH_JENKINS,2025-12-01,"[18, 125]","['Healthcare Providers', 'Dentists']","[3, 3]","[0.0, 18.0]"
zahnarzt-kaltenhaeuser.de,Zahnarztpraxis Dipl.-Stom. Gerhard Kaltenhäuser,DE,NEW_BATCH_JENKINS,2025-12-01,"[18, 125]","['Healthcare Providers', 'Dentists']","[3, 3]","[0.0, 18.0]"
zahnarzt-knochenmuss.de,Zahnarztpraxis Knochenmuß,DE,NEW_BATCH_JENKINS,2025-12-02,"[18, 125]","['Healthcare Providers', 'Dentists']","[3, 3]","[0.0, 18.0]"
zahnarzt-laussig.de,Zahnarztpraxis Dr. Stephan & Katharina Gozdowski,DE,NEW_BATCH_JENKINS,2025-12-01,"[18, 125]","['Healthcare Providers', 'Dentists']","[3, 3]","[0.0, 18.0]"
zahnarzt-niederntudorf.de,Zahnarztpraxis an der alten Eiche,DE,NEW_BATCH_JENKINS,2025-12-01,"[18, 125]","['Healthcare Providers', 'Dentists']","[3, 3]","[0.0, 18.0]"
zahnarzt-seestrasse.de,Zahnärzte Seestraße,DE,NEW_BATCH_JENKINS,2025-12-02,"[18, 125]","['Healthcare Providers', 'Dentists']","[3, 3]","[0.0, 18.0]"
zahnarzt-stockstadt.de,Zahnarztpraxis Petra Wöhner-Maaz,DE,NEW_BATCH_JENKINS,2025-12-01,"[18, 125]","['Healthcare Providers', 'Dentists']","[3, 3]","[0.0, 18.0]"
zahnarztjena.de,Zahnarztpraxis Dr. Andreas Bley,DE,NEW_BATCH_JENKINS,2025-12-02,"[18, 125]","['Healthcare Providers', 'Dentists']","[3, 3]","[0.0, 18.0]"
zahnarztobereschbach.de,Zahnarztpraxis Ober - Eschbach,DE,NEW_BATCH_JENKINS,2025-12-01,"[18, 125]","['Healthcare Providers', 'Dentists']","[3, 3]","[0.0, 18.0]"
zahnarztpraxis-brackenheim.de,Zahnarztpraxis Julia Maier,DE,NEW_BATCH_JENKINS,2025-12-02,"[18, 125]","['Healthcare Providers', 'Dentists']","[3, 3]","[0.0, 18.0]"
zahnarztpraxis-hohenlohe.de,Zahnarztpraxis Dr. Elke Michl,DE,NEW_BATCH_JENKINS,2025-12-02,"[18, 125]","['Healthcare Providers', 'Dentists']","[3, 3]","[0.0, 18.0]"
zahnarztpraxis-kurfuerst.de,Dr. Friedrich Kurfürst,DE,NEW_BATCH_JENKINS,2025-12-01,"[18, 125]","['Healthcare Providers', 'Dentists']","[3, 3]","[0.0, 18.0]"
zahnarztpraxis-quadra.ch,Zahnarztpraxis Quadra Daniel Jankovic,CH,NEW_BATCH_JENKINS,2025-11-27,[167],['Companies from Jenkins'],[25],[0.0]
zahnarztpraxis-sommer-pham.de,Zahnarztpraxis Sommer & Pham,DE,NEW_BATCH_JENKINS,2025-12-02,"[18, 125]","['Healthcare Providers', 'Dentists']","[3, 3]","[0.0, 18.0]"
zahnarztpraxis-wenzel-dahlen.de,Zahnarztpraxis Caterina Wenzel,DE,NEW_BATCH_JENKINS,2025-12-01,"[18, 125]","['Healthcare Providers', 'Dentists']","[3, 3]","[0.0, 18.0]"
zahnarztpraxis-wollgramm.de,Zahnarztpraxis Sandra Wollgramm,DE,NEW_BATCH_JENKINS,2025-12-01,"[18, 125]","['Healthcare Providers', 'Dentists']","[3, 3]","[0.0, 18.0]"
zahnarztpraxis-zirndorf.de,Zahnarztpraxis Lohmayer-Potoradi,DE,NEW_BATCH_JENKINS,2025-12-01,"[18, 125]","['Healthcare Providers', 'Dentists']","[3, 3]","[0.0, 18.0]"
zahneins.com,Zahneins,DE,NEW_BATCH,2025-07-17,"[18, 124, 125]","['Healthcare Providers', 'Clinics & Acute Care', 'Dentists']","[3, 3, 3]","[0.0, 18.0, 18.0]"
zahnerhaltung-gunkel.de,Zahnarztpraxis Christiane Gunkel,DE,NEW_BATCH_JENKINS,2025-12-02,"[18, 125]","['Healthcare Providers', 'Dentists']","[3, 3]","[0.0, 18.0]"
zahnmedizin-welzheim.de,Zahnmedizin Welzheim MVZ,DE,NEW_BATCH_JENKINS,2025-12-02,"[18, 125]","['Healthcare Providers', 'Dentists']","[3, 3]","[0.0, 18.0]"
zahnzentrum-limbach.de,Zahnzentrum Limbach,DE,NEW_BATCH_JENKINS,2025-12-02,"[18, 125]","['Healthcare Providers', 'Dentists']","[3, 3]","[0.0, 18.0]"
zanuco-treuhand.ch,Zanuco Treuhand,DE,NEW_BATCH_DATAQA,2025-09-16,"[32, 145]","['Professional Services', 'Accounting Services']","[25, 25]","[0.0, 32.0]"
zap-wahl.de,Zahnarztpraxis Ulrike Wahl,DE,NEW_BATCH_JENKINS,2025-12-01,"[18, 125]","['Healthcare Providers', 'Dentists']","[3, 3]","[0.0, 18.0]"
zaun.ch,Schacher Zäune,CH,NEW_BATCH_JENKINS,2025-11-27,[167],['Companies from Jenkins'],[25],[0.0]
zellani.ch,Bellini Personal,CH,NEW_BATCH_JENKINS,2025-11-27,[167],['Companies from Jenkins'],[25],[0.0]
zellevenlifescience.com,Zelleven Lifescience,IN,NEW_BATCH_MANUAL,2025-10-10,[167],['Companies from Jenkins'],[25],[0.0]
zham-homecare.ch,ZHAM,CH,NEW_BATCH_JENKINS,2025-11-27,[167],['Companies from Jenkins'],[25],[0.0]
zingg-ag.ch,Zingg Gartenbau,CH,NEW_BATCH_JENKINS,2025-11-27,[167],['Companies from Jenkins'],[25],[0.0]
ziraketan.com,ZIRAKETAN,ES,NEW_BATCH_MANUAL,2025-12-04,"[25, 214]","['Medical Equipment and Supplies', 'Medtech Services 3']","[25, 25]","[0.0, 0.0]"
zjky-bio.com,Zhejiang Kuaye Biotechnology,CN,NEW_BATCH_MANUAL,2025-12-04,"[25, 214]","['Medical Equipment and Supplies', 'Medtech Services 3']","[25, 25]","[0.0, 0.0]"
zober.com,Zober Industries,US,NEW_BATCH_MANUAL,2025-12-09,[214],['Medtech Services 3'],[25],[0.0]
zuerich-massage.com,ToP-Maxim,CH,NEW_BATCH_JENKINS,2025-11-27,[167],['Companies from Jenkins'],[25],[0.0]
zurunterensaege.ch,Thai Isaan Take Away KLG,CH,NEW_BATCH_JENKINS,2025-11-27,[167],['Companies from Jenkins'],[25],[0.0]
zytovision.com,ZytoVision,DE,NEW_BATCH_MANUAL,2025-10-10,[167],['Companies from Jenkins'],[25],[0.0]
